Trading Interval,Market Water Demand (Giga-Litres),Water Balancing Price ($/ML),Month,Water Type
1/01/2014 0:00:00,2674.43,$89.33,1,Soft
1/01/2014 12:00:00,2576.13,$61.95,1,Soft
2/01/2014 0:00:00,2131.98,$45.90,1,Soft
2/01/2014 12:00:00,2772.06,$80.86,1,Soft
3/01/2014 0:00:00,2143.49,$55.96,1,Soft
3/01/2014 12:00:00,2682.03,$101.09,1,Soft
4/01/2014 0:00:00,1788.07,$26.67,1,Soft
4/01/2014 12:00:00,2082.85,$38.89,1,Soft
5/01/2014 0:00:00,1815.85,$46.72,1,Soft
5/01/2014 12:00:00,2219.28,$46.21,1,Soft
6/01/2014 0:00:00,2142.35,$41.86,1,Soft
6/01/2014 12:00:00,2169.74,$46.01,1,Soft
7/01/2014 0:00:00,2228.92,$34.89,1,Soft
7/01/2014 12:00:00,2289.45,$53.31,1,Soft
8/01/2014 0:00:00,1966.19,$70.31,1,Soft
8/01/2014 12:00:00,2222.98,$64.55,1,Soft
9/01/2014 0:00:00,1651.59,$49.78,1,Soft
9/01/2014 12:00:00,1957.57,$61.48,1,Soft
10/01/2014 0:00:00,1865.02,$56.41,1,Soft
10/01/2014 12:00:00,2157.29,$69.81,1,Soft
11/01/2014 0:00:00,1933.90,$53.61,1,Soft
11/01/2014 12:00:00,2161.19,$53.29,1,Soft
12/01/2014 0:00:00,1672.51,$53.84,1,Soft
12/01/2014 12:00:00,1928.06,$53.35,1,Soft
13/01/2014 0:00:00,1863.64,$55.71,1,Soft
13/01/2014 12:00:00,2185.69,$66.45,1,Soft
14/01/2014 0:00:00,2185.58,$79.00,1,Soft
14/01/2014 12:00:00,3175.28,$159.80,1,Soft
15/01/2014 0:00:00,2648.79,$108.42,1,Soft
15/01/2014 12:00:00,3164.52,$132.91,1,Soft
16/01/2014 0:00:00,2308.04,$68.87,1,Soft
16/01/2014 12:00:00,2417.78,$50.49,1,Soft
17/01/2014 0:00:00,1961.42,$47.18,1,Soft
17/01/2014 12:00:00,2127.07,$43.94,1,Soft
18/01/2014 0:00:00,2004.69,$50.63,1,Soft
18/01/2014 12:00:00,2200.50,$50.11,1,Soft
19/01/2014 0:00:00,1839.56,$43.77,1,Soft
19/01/2014 12:00:00,2184.16,$72.03,1,Soft
20/01/2014 0:00:00,1748.41,$44.53,1,Soft
20/01/2014 12:00:00,2417.65,$65.88,1,Soft
21/01/2014 0:00:00,2067.55,$47.25,1,Soft
21/01/2014 12:00:00,2572.72,$63.34,1,Soft
22/01/2014 0:00:00,2070.56,$49.39,1,Soft
22/01/2014 12:00:00,2702.11,$77.92,1,Soft
23/01/2014 0:00:00,2155.51,$48.65,1,Soft
23/01/2014 12:00:00,2449.97,$59.66,1,Soft
24/01/2014 0:00:00,1994.99,$44.11,1,Soft
24/01/2014 12:00:00,2281.83,$45.84,1,Soft
25/01/2014 0:00:00,1951.53,$51.14,1,Soft
25/01/2014 12:00:00,2341.06,$73.99,1,Soft
26/01/2014 0:00:00,1823.69,$49.55,1,Soft
26/01/2014 12:00:00,2288.38,$69.32,1,Soft
27/01/2014 0:00:00,1833.97,$59.54,1,Soft
27/01/2014 12:00:00,2465.66,$87.52,1,Soft
28/01/2014 0:00:00,1844.72,$47.82,1,Soft
28/01/2014 12:00:00,2259.04,$70.22,1,Soft
29/01/2014 0:00:00,1988.97,$63.73,1,Soft
29/01/2014 12:00:00,2498.43,$81.99,1,Soft
30/01/2014 0:00:00,2064.48,$60.91,1,Soft
30/01/2014 12:00:00,2629.69,$73.41,1,Soft
31/01/2014 0:00:00,2088.81,$48.49,1,Soft
31/01/2014 12:00:00,2670.89,$92.99,1,Soft
1/02/2014 0:00:00,2061.81,$56.50,2,Soft
1/02/2014 12:00:00,2388.20,$66.64,2,Soft
2/02/2014 0:00:00,2012.08,$41.85,2,Soft
2/02/2014 12:00:00,2765.58,$86.53,2,Soft
3/02/2014 0:00:00,1877.67,$58.58,2,Soft
3/02/2014 12:00:00,2193.60,$60.77,2,Soft
4/02/2014 0:00:00,2175.59,$42.95,2,Soft
4/02/2014 12:00:00,2378.30,$55.47,2,Soft
5/02/2014 0:00:00,2051.63,$48.92,2,Soft
5/02/2014 12:00:00,2120.05,$45.34,2,Soft
6/02/2014 0:00:00,1760.26,$39.44,2,Soft
6/02/2014 12:00:00,2111.64,$43.48,2,Soft
7/02/2014 0:00:00,2026.51,$42.51,2,Soft
7/02/2014 12:00:00,2289.06,$53.66,2,Soft
8/02/2014 0:00:00,1996.35,$66.76,2,Soft
8/02/2014 12:00:00,2194.73,$61.35,2,Soft
9/02/2014 0:00:00,1922.09,$67.14,2,Soft
9/02/2014 12:00:00,2188.26,$76.00,2,Soft
10/02/2014 0:00:00,1805.33,$43.42,2,Soft
10/02/2014 12:00:00,1953.63,$49.04,2,Soft
11/02/2014 0:00:00,1709.93,$37.97,2,Soft
11/02/2014 12:00:00,2004.21,$50.85,2,Soft
12/02/2014 0:00:00,1882.41,$45.63,2,Soft
12/02/2014 12:00:00,2126.41,$44.04,2,Soft
13/02/2014 0:00:00,2547.82,$174.00,2,Soft
13/02/2014 12:00:00,3266.08,$187.01,2,Soft
14/02/2014 0:00:00,2419.28,$62.77,2,Soft
14/02/2014 12:00:00,2691.45,$63.74,2,Soft
15/02/2014 0:00:00,2256.86,$53.04,2,Soft
15/02/2014 12:00:00,2775.10,$68.60,2,Soft
16/02/2014 0:00:00,2142.85,$49.88,2,Soft
16/02/2014 12:00:00,2670.65,$83.34,2,Soft
17/02/2014 0:00:00,1874.97,$48.24,2,Soft
17/02/2014 12:00:00,2058.61,$40.66,2,Soft
18/02/2014 0:00:00,1985.42,$34.24,2,Soft
18/02/2014 12:00:00,2291.04,$41.78,2,Soft
19/02/2014 0:00:00,2199.88,$38.52,2,Soft
19/02/2014 12:00:00,2610.51,$66.54,2,Soft
20/02/2014 0:00:00,2211.90,$46.53,2,Soft
20/02/2014 12:00:00,3203.99,$153.26,2,Soft
21/02/2014 0:00:00,2531.78,$58.49,2,Soft
21/02/2014 12:00:00,3296.54,$102.68,2,Soft
22/02/2014 0:00:00,2438.70,$60.43,2,Soft
22/02/2014 12:00:00,2403.75,$44.08,2,Soft
23/02/2014 0:00:00,1741.94,$41.52,2,Soft
23/02/2014 12:00:00,1985.74,$53.70,2,Soft
24/02/2014 0:00:00,1658.64,$48.49,2,Soft
24/02/2014 12:00:00,2032.01,$51.24,2,Soft
25/02/2014 0:00:00,2014.14,$45.22,2,Soft
25/02/2014 12:00:00,2763.39,$80.22,2,Soft
26/02/2014 0:00:00,2260.08,$59.27,2,Soft
26/02/2014 12:00:00,3089.40,$122.02,2,Soft
27/02/2014 0:00:00,2268.42,$52.38,2,Soft
27/02/2014 12:00:00,2928.50,$86.00,2,Soft
28/02/2014 0:00:00,2219.09,$46.15,2,Soft
28/02/2014 12:00:00,2785.35,$80.91,2,Soft
1/03/2014 0:00:00,2022.31,$69.39,3,Soft
1/03/2014 12:00:00,2246.17,$52.20,3,Soft
2/03/2014 0:00:00,1955.93,$51.47,3,Soft
2/03/2014 12:00:00,2746.76,$80.46,3,Soft
3/03/2014 0:00:00,1767.72,$63.78,3,Soft
3/03/2014 12:00:00,2275.63,$79.96,3,Soft
4/03/2014 0:00:00,2016.71,$48.15,3,Soft
4/03/2014 12:00:00,2550.79,$72.48,3,Soft
5/03/2014 0:00:00,1815.83,$50.14,3,Soft
5/03/2014 12:00:00,2059.78,$43.47,3,Soft
6/03/2014 0:00:00,1758.12,$35.83,3,Soft
6/03/2014 12:00:00,2062.89,$44.24,3,Soft
7/03/2014 0:00:00,2008.61,$48.48,3,Soft
7/03/2014 12:00:00,2403.17,$64.39,3,Soft
8/03/2014 0:00:00,1802.78,$57.51,3,Soft
8/03/2014 12:00:00,2012.34,$60.60,3,Soft
9/03/2014 0:00:00,1925.65,$59.70,3,Soft
9/03/2014 12:00:00,2278.76,$63.41,3,Soft
10/03/2014 0:00:00,2003.21,$40.59,3,Soft
10/03/2014 12:00:00,2089.94,$51.21,3,Soft
11/03/2014 0:00:00,1675.95,$32.07,3,Soft
11/03/2014 12:00:00,2098.67,$57.23,3,Soft
12/03/2014 0:00:00,1905.88,$40.74,3,Soft
12/03/2014 12:00:00,2054.77,$46.88,3,Soft
13/03/2014 0:00:00,1897.90,$35.63,3,Soft
13/03/2014 12:00:00,2157.90,$49.20,3,Soft
14/03/2014 0:00:00,2109.01,$50.58,3,Soft
14/03/2014 12:00:00,2259.54,$47.97,3,Soft
15/03/2014 0:00:00,2036.05,$56.94,3,Soft
15/03/2014 12:00:00,2303.13,$55.52,3,Soft
16/03/2014 0:00:00,1791.68,$42.78,3,Soft
16/03/2014 12:00:00,2076.23,$50.10,3,Soft
17/03/2014 0:00:00,1771.01,$56.75,3,Soft
17/03/2014 12:00:00,2304.18,$62.23,3,Soft
18/03/2014 0:00:00,2108.39,$58.38,3,Soft
18/03/2014 12:00:00,2577.16,$76.45,3,Soft
19/03/2014 0:00:00,2107.16,$59.42,3,Soft
19/03/2014 12:00:00,2527.91,$77.69,3,Soft
20/03/2014 0:00:00,2046.20,$60.71,3,Soft
20/03/2014 12:00:00,2268.37,$54.08,3,Soft
21/03/2014 0:00:00,1968.24,$58.07,3,Soft
21/03/2014 12:00:00,2173.03,$58.95,3,Soft
22/03/2014 0:00:00,2010.49,$50.55,3,Soft
22/03/2014 12:00:00,2118.19,$54.71,3,Soft
23/03/2014 0:00:00,1785.15,$44.06,3,Soft
23/03/2014 12:00:00,1962.37,$52.38,3,Soft
24/03/2014 0:00:00,1752.31,$56.05,3,Soft
24/03/2014 12:00:00,1970.06,$49.25,3,Soft
25/03/2014 0:00:00,2105.80,$51.72,3,Soft
25/03/2014 12:00:00,2244.61,$58.36,3,Soft
26/03/2014 0:00:00,2130.47,$39.49,3,Soft
26/03/2014 12:00:00,2107.23,$49.30,3,Soft
27/03/2014 0:00:00,1890.05,$56.92,3,Soft
27/03/2014 12:00:00,2064.86,$47.46,3,Soft
28/03/2014 0:00:00,1992.40,$35.97,3,Soft
28/03/2014 12:00:00,2193.60,$42.94,3,Soft
29/03/2014 0:00:00,1713.06,$36.92,3,Soft
29/03/2014 12:00:00,1844.64,$36.55,3,Soft
30/03/2014 0:00:00,1794.31,$37.12,3,Soft
30/03/2014 12:00:00,1879.98,$42.94,3,Soft
31/03/2014 0:00:00,1726.27,$31.95,3,Soft
31/03/2014 12:00:00,1909.55,$50.93,3,Soft
1/04/2014 0:00:00,1895.54,$53.71,4,Soft
1/04/2014 12:00:00,2075.28,$50.49,4,Soft
2/04/2014 0:00:00,2204.46,$63.07,4,Soft
2/04/2014 12:00:00,2647.48,$78.32,4,Soft
3/04/2014 0:00:00,1895.29,$62.18,4,Soft
3/04/2014 12:00:00,2096.72,$60.06,4,Soft
4/04/2014 0:00:00,2094.10,$45.02,4,Soft
4/04/2014 12:00:00,2630.43,$79.77,4,Soft
5/04/2014 0:00:00,1754.19,$40.56,4,Soft
5/04/2014 12:00:00,1884.89,$47.82,4,Soft
6/04/2014 0:00:00,1949.35,$43.17,4,Soft
6/04/2014 12:00:00,2305.11,$54.18,4,Soft
7/04/2014 0:00:00,2093.99,$49.41,4,Soft
7/04/2014 12:00:00,2421.54,$73.73,4,Soft
8/04/2014 0:00:00,1716.27,$44.01,4,Soft
8/04/2014 12:00:00,1981.66,$51.41,4,Soft
9/04/2014 0:00:00,1874.97,$47.15,4,Soft
9/04/2014 12:00:00,2096.99,$65.53,4,Soft
10/04/2014 0:00:00,1859.77,$61.52,4,Soft
10/04/2014 12:00:00,2115.21,$79.88,4,Soft
11/04/2014 0:00:00,2080.56,$53.23,4,Soft
11/04/2014 12:00:00,2572.01,$88.90,4,Soft
12/04/2014 0:00:00,1915.50,$28.65,4,Soft
12/04/2014 12:00:00,2139.76,$44.79,4,Soft
13/04/2014 0:00:00,1821.27,$47.23,4,Soft
13/04/2014 12:00:00,2098.19,$49.37,4,Soft
14/04/2014 0:00:00,1740.51,$51.49,4,Soft
14/04/2014 12:00:00,2164.20,$53.55,4,Soft
15/04/2014 0:00:00,2045.95,$52.56,4,Soft
15/04/2014 12:00:00,2398.56,$56.30,4,Soft
16/04/2014 0:00:00,2048.92,$50.99,4,Soft
16/04/2014 12:00:00,2373.51,$54.99,4,Soft
17/04/2014 0:00:00,1995.31,$50.91,4,Soft
17/04/2014 12:00:00,2278.08,$50.23,4,Soft
18/04/2014 0:00:00,1923.85,$45.06,4,Soft
18/04/2014 12:00:00,2298.48,$48.70,4,Soft
19/04/2014 0:00:00,1924.04,$48.76,4,Soft
19/04/2014 12:00:00,2205.93,$48.17,4,Soft
20/04/2014 0:00:00,1731.95,$50.26,4,Soft
20/04/2014 12:00:00,1932.34,$47.80,4,Soft
21/04/2014 0:00:00,1618.66,$49.24,4,Soft
21/04/2014 12:00:00,1923.44,$50.73,4,Soft
22/04/2014 0:00:00,1879.78,$53.69,4,Soft
22/04/2014 12:00:00,2109.70,$53.27,4,Soft
23/04/2014 0:00:00,1805.63,$49.45,4,Soft
23/04/2014 12:00:00,2094.20,$52.06,4,Soft
24/04/2014 0:00:00,1835.22,$37.89,4,Soft
24/04/2014 12:00:00,2135.93,$45.82,4,Soft
25/04/2014 0:00:00,1650.95,$36.76,4,Soft
25/04/2014 12:00:00,1909.94,$44.21,4,Soft
26/04/2014 0:00:00,1819.77,$49.38,4,Soft
26/04/2014 12:00:00,2076.18,$48.08,4,Soft
27/04/2014 0:00:00,1647.12,$52.47,4,Soft
27/04/2014 12:00:00,1907.81,$53.40,4,Soft
28/04/2014 0:00:00,1546.13,$39.45,4,Soft
28/04/2014 12:00:00,1858.04,$47.96,4,Soft
29/04/2014 0:00:00,1922.37,$42.50,4,Soft
29/04/2014 12:00:00,2112.49,$44.94,4,Soft
30/04/2014 0:00:00,2040.26,$45.20,4,Soft
30/04/2014 12:00:00,2149.38,$48.32,4,Soft
1/05/2014 0:00:00,1816.92,$44.18,5,Soft
1/05/2014 12:00:00,2432.27,$79.29,5,Soft
2/05/2014 0:00:00,2029.37,$51.94,5,Soft
2/05/2014 12:00:00,2417.71,$49.10,5,Soft
3/05/2014 0:00:00,1971.13,$66.74,5,Soft
3/05/2014 12:00:00,2307.28,$59.95,5,Soft
4/05/2014 0:00:00,2072.05,$48.05,5,Soft
4/05/2014 12:00:00,2325.55,$43.41,5,Soft
5/05/2014 0:00:00,1682.53,$41.14,5,Soft
5/05/2014 12:00:00,1845.69,$54.35,5,Soft
6/05/2014 0:00:00,1947.23,$50.51,5,Soft
6/05/2014 12:00:00,2272.67,$59.32,5,Soft
7/05/2014 0:00:00,2162.97,$70.62,5,Soft
7/05/2014 12:00:00,2396.81,$75.65,5,Soft
8/05/2014 0:00:00,1959.90,$48.55,5,Soft
8/05/2014 12:00:00,2223.84,$45.35,5,Soft
9/05/2014 0:00:00,1947.64,$47.29,5,Soft
9/05/2014 12:00:00,2195.37,$60.94,5,Soft
10/05/2014 0:00:00,1752.36,$60.89,5,Soft
10/05/2014 12:00:00,1953.05,$73.69,5,Soft
11/05/2014 0:00:00,2006.93,$58.00,5,Soft
11/05/2014 12:00:00,2167.68,$49.68,5,Soft
12/05/2014 0:00:00,2025.97,$28.80,5,Soft
12/05/2014 12:00:00,2364.04,$57.89,5,Soft
13/05/2014 0:00:00,1953.53,$34.66,5,Soft
13/05/2014 12:00:00,2081.50,$42.65,5,Soft
14/05/2014 0:00:00,1833.83,$38.75,5,Soft
14/05/2014 12:00:00,2114.19,$44.83,5,Soft
15/05/2014 0:00:00,1983.91,$37.40,5,Soft
15/05/2014 12:00:00,2093.39,$46.28,5,Soft
16/05/2014 0:00:00,1989.15,$37.75,5,Soft
16/05/2014 12:00:00,2151.98,$46.26,5,Soft
17/05/2014 0:00:00,1885.09,$39.88,5,Soft
17/05/2014 12:00:00,2100.12,$47.37,5,Soft
18/05/2014 0:00:00,1702.18,$40.56,5,Soft
18/05/2014 12:00:00,1951.60,$53.55,5,Soft
19/05/2014 0:00:00,1599.57,$47.15,5,Soft
19/05/2014 12:00:00,1928.09,$54.61,5,Soft
20/05/2014 0:00:00,1874.05,$50.13,5,Soft
20/05/2014 12:00:00,2228.80,$49.53,5,Soft
21/05/2014 0:00:00,1865.51,$38.46,5,Soft
21/05/2014 12:00:00,2147.94,$47.28,5,Soft
22/05/2014 0:00:00,1896.83,$45.83,5,Soft
22/05/2014 12:00:00,2179.97,$50.74,5,Soft
23/05/2014 0:00:00,1908.97,$46.26,5,Soft
23/05/2014 12:00:00,2201.04,$49.20,5,Soft
24/05/2014 0:00:00,1941.47,$37.26,5,Soft
24/05/2014 12:00:00,2156.95,$43.03,5,Soft
25/05/2014 0:00:00,1900.72,$39.90,5,Soft
25/05/2014 12:00:00,1990.70,$53.09,5,Soft
26/05/2014 0:00:00,1641.17,$44.00,5,Soft
26/05/2014 12:00:00,1928.35,$50.59,5,Soft
27/05/2014 0:00:00,1902.70,$46.03,5,Soft
27/05/2014 12:00:00,2189.07,$51.39,5,Soft
28/05/2014 0:00:00,1932.23,$46.59,5,Soft
28/05/2014 12:00:00,2221.45,$54.30,5,Soft
29/05/2014 0:00:00,1911.44,$45.07,5,Soft
29/05/2014 12:00:00,2154.57,$42.71,5,Soft
30/05/2014 0:00:00,2086.46,$35.21,5,Soft
30/05/2014 12:00:00,2375.89,$49.22,5,Soft
31/05/2014 0:00:00,2278.91,$42.53,5,Soft
31/05/2014 12:00:00,2414.67,$49.41,5,Soft
1/06/2014 0:00:00,1976.13,$53.58,6,Soft
1/06/2014 12:00:00,2665.51,$84.92,6,Soft
2/06/2014 0:00:00,2063.61,$39.35,6,Soft
2/06/2014 12:00:00,2220.75,$43.32,6,Soft
3/06/2014 0:00:00,2043.65,$47.90,6,Soft
3/06/2014 12:00:00,2350.28,$54.98,6,Soft
4/06/2014 0:00:00,1895.90,$35.09,6,Soft
4/06/2014 12:00:00,2092.57,$41.23,6,Soft
5/06/2014 0:00:00,1798.15,$48.41,6,Soft
5/06/2014 12:00:00,2105.57,$49.22,6,Soft
6/06/2014 0:00:00,1923.17,$51.05,6,Soft
6/06/2014 12:00:00,2208.38,$53.33,6,Soft
7/06/2014 0:00:00,1958.06,$46.84,6,Soft
7/06/2014 12:00:00,2245.56,$56.67,6,Soft
8/06/2014 0:00:00,1918.86,$42.86,6,Soft
8/06/2014 12:00:00,2000.08,$53.18,6,Soft
9/06/2014 0:00:00,1909.68,$40.83,6,Soft
9/06/2014 12:00:00,2065.29,$51.92,6,Soft
10/06/2014 0:00:00,1660.34,$58.31,6,Soft
10/06/2014 12:00:00,1883.59,$79.13,6,Soft
11/06/2014 0:00:00,1905.80,$52.50,6,Soft
11/06/2014 12:00:00,2126.85,$47.96,6,Soft
12/06/2014 0:00:00,2100.22,$62.54,6,Soft
12/06/2014 12:00:00,2545.15,$79.19,6,Soft
13/06/2014 0:00:00,2023.95,$38.75,6,Soft
13/06/2014 12:00:00,2276.05,$49.42,6,Soft
14/06/2014 0:00:00,1991.16,$41.01,6,Soft
14/06/2014 12:00:00,2287.94,$48.97,6,Soft
15/06/2014 0:00:00,1849.92,$46.86,6,Soft
15/06/2014 12:00:00,2194.13,$60.07,6,Soft
16/06/2014 0:00:00,1790.39,$46.49,6,Soft
16/06/2014 12:00:00,2141.34,$63.38,6,Soft
17/06/2014 0:00:00,2057.93,$56.78,6,Soft
17/06/2014 12:00:00,2406.07,$71.76,6,Soft
18/06/2014 0:00:00,2095.87,$57.22,6,Soft
18/06/2014 12:00:00,2445.30,$72.07,6,Soft
19/06/2014 0:00:00,2086.92,$55.79,6,Soft
19/06/2014 12:00:00,2370.01,$57.08,6,Soft
20/06/2014 0:00:00,2085.09,$52.04,6,Soft
20/06/2014 12:00:00,2395.16,$57.94,6,Soft
21/06/2014 0:00:00,2235.59,$38.53,6,Soft
21/06/2014 12:00:00,2318.01,$51.30,6,Soft
22/06/2014 0:00:00,2014.88,$35.75,6,Soft
22/06/2014 12:00:00,2078.23,$43.78,6,Soft
23/06/2014 0:00:00,1914.35,$32.95,6,Soft
23/06/2014 12:00:00,2149.41,$45.66,6,Soft
24/06/2014 0:00:00,1990.14,$42.18,6,Soft
24/06/2014 12:00:00,2258.93,$45.82,6,Soft
25/06/2014 0:00:00,1961.39,$45.18,6,Soft
25/06/2014 12:00:00,2335.63,$59.65,6,Soft
26/06/2014 0:00:00,2000.84,$53.09,6,Soft
26/06/2014 12:00:00,2338.04,$59.62,6,Soft
27/06/2014 0:00:00,2019.34,$52.54,6,Soft
27/06/2014 12:00:00,2289.04,$52.71,6,Soft
28/06/2014 0:00:00,1994.44,$50.47,6,Soft
28/06/2014 12:00:00,2222.38,$57.71,6,Soft
29/06/2014 0:00:00,1792.54,$33.48,6,Soft
29/06/2014 12:00:00,2035.47,$48.63,6,Soft
30/06/2014 0:00:00,1825.59,$34.73,6,Soft
30/06/2014 12:00:00,2076.49,$54.03,6,Soft
1/07/2014 0:00:00,2384.76,$80.36,7,Soft
1/07/2014 12:00:00,3175.51,$197.63,7,Soft
2/07/2014 0:00:00,1879.31,$38.40,7,Soft
2/07/2014 12:00:00,2233.84,$43.86,7,Soft
3/07/2014 0:00:00,2098.06,$44.83,7,Soft
3/07/2014 12:00:00,2477.55,$61.38,7,Soft
4/07/2014 0:00:00,1810.38,$26.11,7,Soft
4/07/2014 12:00:00,2138.39,$45.78,7,Soft
5/07/2014 0:00:00,1767.76,$51.35,7,Soft
5/07/2014 12:00:00,2166.19,$42.39,7,Soft
6/07/2014 0:00:00,1971.05,$52.66,7,Soft
6/07/2014 12:00:00,2203.16,$53.04,7,Soft
7/07/2014 0:00:00,1859.28,$36.66,7,Soft
7/07/2014 12:00:00,2249.02,$70.02,7,Soft
8/07/2014 0:00:00,1922.16,$45.74,7,Soft
8/07/2014 12:00:00,2221.43,$47.95,7,Soft
9/07/2014 0:00:00,1745.83,$48.64,7,Soft
9/07/2014 12:00:00,2018.59,$53.94,7,Soft
10/07/2014 0:00:00,1857.62,$78.15,7,Soft
10/07/2014 12:00:00,2091.56,$72.48,7,Soft
11/07/2014 0:00:00,1880.00,$43.24,7,Soft
11/07/2014 12:00:00,2144.03,$67.46,7,Soft
12/07/2014 0:00:00,1942.28,$50.93,7,Soft
12/07/2014 12:00:00,2156.91,$50.86,7,Soft
13/07/2014 0:00:00,1863.52,$46.81,7,Soft
13/07/2014 12:00:00,2113.29,$65.97,7,Soft
14/07/2014 0:00:00,1727.42,$52.46,7,Soft
14/07/2014 12:00:00,2095.55,$67.15,7,Soft
15/07/2014 0:00:00,1967.72,$57.94,7,Soft
15/07/2014 12:00:00,2343.91,$59.93,7,Soft
16/07/2014 0:00:00,2027.20,$60.72,7,Soft
16/07/2014 12:00:00,2471.72,$59.86,7,Soft
17/07/2014 0:00:00,2030.92,$51.82,7,Soft
17/07/2014 12:00:00,2445.45,$76.14,7,Soft
18/07/2014 0:00:00,2128.77,$66.98,7,Soft
18/07/2014 12:00:00,2486.29,$82.17,7,Soft
19/07/2014 0:00:00,2153.59,$50.02,7,Soft
19/07/2014 12:00:00,2445.95,$64.71,7,Soft
20/07/2014 0:00:00,1976.47,$44.02,7,Soft
20/07/2014 12:00:00,2273.80,$54.54,7,Soft
21/07/2014 0:00:00,1887.09,$44.42,7,Soft
21/07/2014 12:00:00,2286.28,$74.71,7,Soft
22/07/2014 0:00:00,2117.27,$43.53,7,Soft
22/07/2014 12:00:00,2382.98,$58.20,7,Soft
23/07/2014 0:00:00,2141.54,$38.40,7,Soft
23/07/2014 12:00:00,2240.23,$48.53,7,Soft
24/07/2014 0:00:00,1878.19,$45.45,7,Soft
24/07/2014 12:00:00,2191.53,$65.09,7,Soft
25/07/2014 0:00:00,1887.75,$53.25,7,Soft
25/07/2014 12:00:00,2213.96,$62.63,7,Soft
26/07/2014 0:00:00,1996.06,$43.80,7,Soft
26/07/2014 12:00:00,2482.77,$74.79,7,Soft
27/07/2014 0:00:00,1897.67,$54.20,7,Soft
27/07/2014 12:00:00,2206.12,$81.43,7,Soft
28/07/2014 0:00:00,1751.10,$61.59,7,Soft
28/07/2014 12:00:00,2099.31,$84.01,7,Soft
29/07/2014 0:00:00,2000.35,$73.07,7,Soft
29/07/2014 12:00:00,2385.60,$89.25,7,Soft
30/07/2014 0:00:00,2051.99,$70.02,7,Soft
30/07/2014 12:00:00,2307.16,$72.64,7,Soft
31/07/2014 0:00:00,1992.07,$63.72,7,Soft
31/07/2014 12:00:00,2272.55,$76.68,7,Soft
1/08/2014 0:00:00,2619.61,$97.37,8,Soft
1/08/2014 12:00:00,3135.29,$87.48,8,Soft
2/08/2014 0:00:00,2020.73,$42.45,8,Soft
2/08/2014 12:00:00,2479.90,$54.38,8,Soft
3/08/2014 0:00:00,2173.71,$47.23,8,Soft
3/08/2014 12:00:00,2584.78,$65.74,8,Soft
4/08/2014 0:00:00,2057.47,$43.62,8,Soft
4/08/2014 12:00:00,2659.64,$75.95,8,Soft
5/08/2014 0:00:00,1999.15,$45.18,8,Soft
5/08/2014 12:00:00,2072.13,$49.10,8,Soft
6/08/2014 0:00:00,1795.00,$48.38,8,Soft
6/08/2014 12:00:00,2046.49,$49.65,8,Soft
7/08/2014 0:00:00,2152.07,$52.88,8,Soft
7/08/2014 12:00:00,2471.39,$98.39,8,Soft
8/08/2014 0:00:00,1920.28,$59.59,8,Soft
8/08/2014 12:00:00,2274.86,$72.10,8,Soft
9/08/2014 0:00:00,1595.49,$47.93,8,Soft
9/08/2014 12:00:00,1906.05,$57.24,8,Soft
10/08/2014 0:00:00,1899.77,$63.76,8,Soft
10/08/2014 12:00:00,2168.54,$69.53,8,Soft
11/08/2014 0:00:00,1893.93,$55.01,8,Soft
11/08/2014 12:00:00,2163.91,$67.96,8,Soft
12/08/2014 0:00:00,1709.37,$58.45,8,Soft
12/08/2014 12:00:00,1969.12,$59.51,8,Soft
13/08/2014 0:00:00,1981.63,$62.11,8,Soft
13/08/2014 12:00:00,2265.63,$75.08,8,Soft
14/08/2014 0:00:00,2017.87,$72.07,8,Soft
14/08/2014 12:00:00,2272.41,$69.17,8,Soft
15/08/2014 0:00:00,1957.98,$47.77,8,Soft
15/08/2014 12:00:00,2410.06,$57.99,8,Soft
16/08/2014 0:00:00,2061.58,$53.97,8,Soft
16/08/2014 12:00:00,2334.33,$66.10,8,Soft
17/08/2014 0:00:00,1791.69,$48.21,8,Soft
17/08/2014 12:00:00,2115.05,$63.66,8,Soft
18/08/2014 0:00:00,1725.14,$46.99,8,Soft
18/08/2014 12:00:00,2079.96,$61.34,8,Soft
19/08/2014 0:00:00,1869.92,$40.42,8,Soft
19/08/2014 12:00:00,2151.51,$54.92,8,Soft
20/08/2014 0:00:00,2009.34,$55.74,8,Soft
20/08/2014 12:00:00,2258.48,$64.78,8,Soft
21/08/2014 0:00:00,1953.28,$39.41,8,Soft
21/08/2014 12:00:00,2179.17,$45.30,8,Soft
22/08/2014 0:00:00,2002.07,$42.20,8,Soft
22/08/2014 12:00:00,2190.58,$56.26,8,Soft
23/08/2014 0:00:00,2238.65,$44.35,8,Soft
23/08/2014 12:00:00,2101.76,$60.96,8,Soft
24/08/2014 0:00:00,1744.84,$46.73,8,Soft
24/08/2014 12:00:00,1955.66,$56.81,8,Soft
25/08/2014 0:00:00,1709.34,$41.45,8,Soft
25/08/2014 12:00:00,2090.61,$56.36,8,Soft
26/08/2014 0:00:00,1930.23,$44.29,8,Soft
26/08/2014 12:00:00,2252.15,$56.65,8,Soft
27/08/2014 0:00:00,2025.56,$54.39,8,Soft
27/08/2014 12:00:00,2431.17,$79.17,8,Soft
28/08/2014 0:00:00,1985.14,$54.54,8,Soft
28/08/2014 12:00:00,2232.05,$56.99,8,Soft
29/08/2014 0:00:00,2000.49,$46.33,8,Soft
29/08/2014 12:00:00,2244.61,$59.14,8,Soft
30/08/2014 0:00:00,1956.50,$39.87,8,Soft
30/08/2014 12:00:00,2234.69,$42.42,8,Soft
31/08/2014 0:00:00,1764.02,$31.87,8,Soft
31/08/2014 12:00:00,1984.90,$51.94,8,Soft
1/09/2014 0:00:00,2259.34,$71.98,9,Soft
1/09/2014 12:00:00,2360.63,$55.57,9,Soft
2/09/2014 0:00:00,1846.41,$35.18,9,Soft
2/09/2014 12:00:00,2621.36,$82.81,9,Soft
3/09/2014 0:00:00,1923.00,$44.02,9,Soft
3/09/2014 12:00:00,2474.16,$80.23,9,Soft
4/09/2014 0:00:00,2056.33,$55.76,9,Soft
4/09/2014 12:00:00,2567.84,$62.75,9,Soft
5/09/2014 0:00:00,2030.38,$33.04,9,Soft
5/09/2014 12:00:00,2019.71,$37.84,9,Soft
6/09/2014 0:00:00,1680.81,$47.88,9,Soft
6/09/2014 12:00:00,2067.75,$50.42,9,Soft
7/09/2014 0:00:00,2076.19,$47.51,9,Soft
7/09/2014 12:00:00,2497.87,$74.43,9,Soft
8/09/2014 0:00:00,1934.90,$72.47,9,Soft
8/09/2014 12:00:00,2169.94,$77.20,9,Soft
9/09/2014 0:00:00,1909.35,$52.41,9,Soft
9/09/2014 12:00:00,2149.75,$73.88,9,Soft
10/09/2014 0:00:00,1873.66,$62.47,9,Soft
10/09/2014 12:00:00,2116.88,$70.36,9,Soft
11/09/2014 0:00:00,1699.72,$48.37,9,Soft
11/09/2014 12:00:00,2109.26,$88.03,9,Soft
12/09/2014 0:00:00,1848.34,$51.34,9,Soft
12/09/2014 12:00:00,2107.10,$65.33,9,Soft
13/09/2014 0:00:00,2006.97,$53.77,9,Soft
13/09/2014 12:00:00,2248.76,$63.96,9,Soft
14/09/2014 0:00:00,1784.02,$51.34,9,Soft
14/09/2014 12:00:00,2240.72,$54.93,9,Soft
15/09/2014 0:00:00,1836.49,$34.52,9,Soft
15/09/2014 12:00:00,2042.46,$54.94,9,Soft
16/09/2014 0:00:00,2023.13,$51.07,9,Soft
16/09/2014 12:00:00,2365.70,$52.29,9,Soft
17/09/2014 0:00:00,2014.66,$44.73,9,Soft
17/09/2014 12:00:00,2307.15,$77.52,9,Soft
18/09/2014 0:00:00,2004.17,$49.55,9,Soft
18/09/2014 12:00:00,2271.43,$52.44,9,Soft
19/09/2014 0:00:00,1920.90,$49.83,9,Soft
19/09/2014 12:00:00,2218.10,$67.55,9,Soft
20/09/2014 0:00:00,1970.10,$48.21,9,Soft
20/09/2014 12:00:00,2213.65,$46.81,9,Soft
21/09/2014 0:00:00,1732.70,$45.87,9,Soft
21/09/2014 12:00:00,1933.20,$47.72,9,Soft
22/09/2014 0:00:00,1784.04,$28.85,9,Soft
22/09/2014 12:00:00,2104.99,$60.24,9,Soft
23/09/2014 0:00:00,1969.79,$36.32,9,Soft
23/09/2014 12:00:00,2124.48,$44.54,9,Soft
24/09/2014 0:00:00,1837.44,$34.55,9,Soft
24/09/2014 12:00:00,2198.06,$53.40,9,Soft
25/09/2014 0:00:00,1935.00,$50.36,9,Soft
25/09/2014 12:00:00,2156.93,$59.46,9,Soft
26/09/2014 0:00:00,1926.19,$50.25,9,Soft
26/09/2014 12:00:00,2214.95,$52.94,9,Soft
27/09/2014 0:00:00,1951.09,$61.71,9,Soft
27/09/2014 12:00:00,2127.36,$63.66,9,Soft
28/09/2014 0:00:00,1725.21,$55.84,9,Soft
28/09/2014 12:00:00,1900.00,$51.78,9,Soft
29/09/2014 0:00:00,1602.69,$52.00,9,Soft
29/09/2014 12:00:00,1989.90,$60.64,9,Soft
30/09/2014 0:00:00,1684.19,$44.74,9,Soft
30/09/2014 12:00:00,1953.33,$59.02,9,Soft
1/10/2014 0:00:00,2007.64,$41.71,10,Soft
1/10/2014 12:00:00,2220.79,$56.28,10,Soft
2/10/2014 0:00:00,1886.13,$35.24,10,Soft
2/10/2014 12:00:00,2790.45,$73.40,10,Soft
3/10/2014 0:00:00,1962.54,$64.43,10,Soft
3/10/2014 12:00:00,2332.38,$75.95,10,Soft
4/10/2014 0:00:00,2132.88,$53.53,10,Soft
4/10/2014 12:00:00,2626.25,$70.23,10,Soft
5/10/2014 0:00:00,2052.88,$43.79,10,Soft
5/10/2014 12:00:00,1989.08,$43.97,10,Soft
6/10/2014 0:00:00,1942.30,$51.15,10,Soft
6/10/2014 12:00:00,2247.86,$44.23,10,Soft
7/10/2014 0:00:00,2029.95,$62.53,10,Soft
7/10/2014 12:00:00,2304.04,$83.46,10,Soft
8/10/2014 0:00:00,1755.54,$58.62,10,Soft
8/10/2014 12:00:00,2048.39,$66.83,10,Soft
9/10/2014 0:00:00,1943.13,$53.84,10,Soft
9/10/2014 12:00:00,2243.95,$68.95,10,Soft
10/10/2014 0:00:00,1881.13,$60.92,10,Soft
10/10/2014 12:00:00,2096.14,$65.83,10,Soft
11/10/2014 0:00:00,1722.93,$45.25,10,Soft
11/10/2014 12:00:00,2293.71,$93.79,10,Soft
12/10/2014 0:00:00,1850.04,$45.96,10,Soft
12/10/2014 12:00:00,2374.06,$72.00,10,Soft
13/10/2014 0:00:00,1611.22,$37.20,10,Soft
13/10/2014 12:00:00,1846.56,$52.45,10,Soft
14/10/2014 0:00:00,1799.31,$42.50,10,Soft
14/10/2014 12:00:00,2070.30,$63.81,10,Soft
15/10/2014 0:00:00,1832.39,$54.58,10,Soft
15/10/2014 12:00:00,2099.50,$55.98,10,Soft
16/10/2014 0:00:00,1845.82,$44.30,10,Soft
16/10/2014 12:00:00,2042.70,$59.99,10,Soft
17/10/2014 0:00:00,1838.80,$51.03,10,Soft
17/10/2014 12:00:00,2088.84,$64.22,10,Soft
18/10/2014 0:00:00,1883.37,$71.84,10,Soft
18/10/2014 12:00:00,2092.37,$76.04,10,Soft
19/10/2014 0:00:00,1741.17,$53.73,10,Soft
19/10/2014 12:00:00,2051.61,$76.71,10,Soft
20/10/2014 0:00:00,1642.18,$49.93,10,Soft
20/10/2014 12:00:00,1924.98,$56.16,10,Soft
21/10/2014 0:00:00,1831.93,$49.87,10,Soft
21/10/2014 12:00:00,2062.15,$57.07,10,Soft
22/10/2014 0:00:00,1844.18,$43.00,10,Soft
22/10/2014 12:00:00,2069.81,$50.13,10,Soft
23/10/2014 0:00:00,1826.20,$37.56,10,Soft
23/10/2014 12:00:00,2041.89,$42.30,10,Soft
24/10/2014 0:00:00,1819.08,$47.53,10,Soft
24/10/2014 12:00:00,2089.33,$58.02,10,Soft
25/10/2014 0:00:00,1807.23,$57.10,10,Soft
25/10/2014 12:00:00,2062.94,$68.65,10,Soft
26/10/2014 0:00:00,1688.17,$60.05,10,Soft
26/10/2014 12:00:00,1882.36,$60.77,10,Soft
27/10/2014 0:00:00,1592.00,$52.86,10,Soft
27/10/2014 12:00:00,1926.10,$55.78,10,Soft
28/10/2014 0:00:00,1874.93,$45.51,10,Soft
28/10/2014 12:00:00,2207.35,$57.36,10,Soft
29/10/2014 0:00:00,1911.44,$65.63,10,Soft
29/10/2014 12:00:00,2309.99,$67.63,10,Soft
30/10/2014 0:00:00,1934.68,$51.22,10,Soft
30/10/2014 12:00:00,2446.98,$69.59,10,Soft
31/10/2014 0:00:00,1950.04,$61.61,10,Soft
31/10/2014 12:00:00,2245.54,$54.93,10,Soft
1/11/2014 0:00:00,2055.89,$54.77,11,Soft
1/11/2014 12:00:00,2244.64,$57.53,11,Soft
2/11/2014 0:00:00,2363.63,$55.53,11,Soft
2/11/2014 12:00:00,3211.52,$93.18,11,Soft
3/11/2014 0:00:00,2147.27,$73.74,11,Soft
3/11/2014 12:00:00,2340.14,$67.37,11,Soft
4/11/2014 0:00:00,2180.68,$54.02,11,Soft
4/11/2014 12:00:00,2606.26,$56.48,11,Soft
5/11/2014 0:00:00,1593.28,$50.38,11,Soft
5/11/2014 12:00:00,1816.42,$41.92,11,Soft
6/11/2014 0:00:00,2012.89,$42.01,11,Soft
6/11/2014 12:00:00,2323.34,$48.26,11,Soft
7/11/2014 0:00:00,2038.52,$57.58,11,Soft
7/11/2014 12:00:00,2540.81,$81.26,11,Soft
8/11/2014 0:00:00,1708.62,$50.51,11,Soft
8/11/2014 12:00:00,2016.77,$61.92,11,Soft
9/11/2014 0:00:00,1949.91,$44.45,11,Soft
9/11/2014 12:00:00,2290.60,$66.27,11,Soft
10/11/2014 0:00:00,1880.73,$56.91,11,Soft
10/11/2014 12:00:00,2154.91,$65.32,11,Soft
11/11/2014 0:00:00,1956.88,$63.15,11,Soft
11/11/2014 12:00:00,2342.82,$78.03,11,Soft
12/11/2014 0:00:00,2046.52,$50.14,11,Soft
12/11/2014 12:00:00,2574.93,$74.45,11,Soft
13/11/2014 0:00:00,1838.42,$47.60,11,Soft
13/11/2014 12:00:00,2156.32,$54.04,11,Soft
14/11/2014 0:00:00,1879.32,$53.24,11,Soft
14/11/2014 12:00:00,2407.23,$79.75,11,Soft
15/11/2014 0:00:00,1984.77,$46.87,11,Soft
15/11/2014 12:00:00,2474.53,$73.27,11,Soft
16/11/2014 0:00:00,1896.93,$49.98,11,Soft
16/11/2014 12:00:00,2473.41,$77.77,11,Soft
17/11/2014 0:00:00,1830.45,$56.20,11,Soft
17/11/2014 12:00:00,2146.01,$74.74,11,Soft
18/11/2014 0:00:00,1967.23,$55.78,11,Soft
18/11/2014 12:00:00,2182.49,$48.49,11,Soft
19/11/2014 0:00:00,1929.89,$33.30,11,Soft
19/11/2014 12:00:00,2045.64,$40.54,11,Soft
20/11/2014 0:00:00,1880.09,$33.35,11,Soft
20/11/2014 12:00:00,2085.99,$44.96,11,Soft
21/11/2014 0:00:00,2014.64,$38.85,11,Soft
21/11/2014 12:00:00,2325.60,$56.49,11,Soft
22/11/2014 0:00:00,1960.06,$44.55,11,Soft
22/11/2014 12:00:00,2341.87,$54.98,11,Soft
23/11/2014 0:00:00,1722.61,$36.44,11,Soft
23/11/2014 12:00:00,2026.19,$56.42,11,Soft
24/11/2014 0:00:00,1621.52,$54.09,11,Soft
24/11/2014 12:00:00,1833.59,$46.51,11,Soft
25/11/2014 0:00:00,1763.49,$46.00,11,Soft
25/11/2014 12:00:00,2059.60,$48.31,11,Soft
26/11/2014 0:00:00,1995.29,$44.32,11,Soft
26/11/2014 12:00:00,2089.68,$39.00,11,Soft
27/11/2014 0:00:00,1968.56,$32.43,11,Soft
27/11/2014 12:00:00,2332.92,$54.32,11,Soft
28/11/2014 0:00:00,2027.29,$54.12,11,Soft
28/11/2014 12:00:00,2408.97,$55.44,11,Soft
29/11/2014 0:00:00,2020.80,$55.43,11,Soft
29/11/2014 12:00:00,2143.77,$42.22,11,Soft
30/11/2014 0:00:00,1733.67,$39.74,11,Soft
30/11/2014 12:00:00,1938.43,$47.63,11,Soft
1/12/2014 0:00:00,1811.35,$51.70,12,Soft
1/12/2014 12:00:00,2407.55,$91.09,12,Soft
2/12/2014 0:00:00,2557.53,$108.49,12,Soft
2/12/2014 12:00:00,3343.21,$103.15,12,Soft
3/12/2014 0:00:00,1855.56,$44.55,12,Soft
3/12/2014 12:00:00,2107.14,$56.46,12,Soft
4/12/2014 0:00:00,2148.76,$45.99,12,Soft
4/12/2014 12:00:00,2362.40,$45.43,12,Soft
5/12/2014 0:00:00,1645.90,$39.86,12,Soft
5/12/2014 12:00:00,1852.95,$42.87,12,Soft
6/12/2014 0:00:00,2100.81,$37.85,12,Soft
6/12/2014 12:00:00,2257.85,$47.81,12,Soft
7/12/2014 0:00:00,2056.59,$60.92,12,Soft
7/12/2014 12:00:00,2275.61,$62.53,12,Soft
8/12/2014 0:00:00,1961.33,$80.03,12,Soft
8/12/2014 12:00:00,2277.72,$93.38,12,Soft
9/12/2014 0:00:00,1943.82,$52.63,12,Soft
9/12/2014 12:00:00,2235.05,$66.30,12,Soft
10/12/2014 0:00:00,1723.95,$41.94,12,Soft
10/12/2014 12:00:00,1901.25,$47.56,12,Soft
11/12/2014 0:00:00,1893.21,$51.54,12,Soft
11/12/2014 12:00:00,2235.24,$58.01,12,Soft
12/12/2014 0:00:00,2172.78,$55.42,12,Soft
12/12/2014 12:00:00,2876.38,$69.69,12,Soft
13/12/2014 0:00:00,2270.68,$56.57,12,Soft
13/12/2014 12:00:00,3024.13,$89.41,12,Soft
14/12/2014 0:00:00,2140.97,$65.43,12,Soft
14/12/2014 12:00:00,2883.39,$79.22,12,Soft
15/12/2014 0:00:00,2117.80,$61.09,12,Soft
15/12/2014 12:00:00,2926.40,$82.68,12,Soft
16/12/2014 0:00:00,2367.22,$58.48,12,Soft
16/12/2014 12:00:00,3195.30,$88.35,12,Soft
17/12/2014 0:00:00,2338.93,$68.34,12,Soft
17/12/2014 12:00:00,2643.50,$54.75,12,Soft
18/12/2014 0:00:00,2096.21,$57.57,12,Soft
18/12/2014 12:00:00,2410.14,$53.73,12,Soft
19/12/2014 0:00:00,2059.38,$59.70,12,Soft
19/12/2014 12:00:00,2394.11,$51.73,12,Soft
20/12/2014 0:00:00,1972.16,$38.42,12,Soft
20/12/2014 12:00:00,2230.09,$44.95,12,Soft
21/12/2014 0:00:00,1787.88,$44.59,12,Soft
21/12/2014 12:00:00,1997.30,$48.78,12,Soft
22/12/2014 0:00:00,1729.95,$46.79,12,Soft
22/12/2014 12:00:00,2047.04,$56.97,12,Soft
23/12/2014 0:00:00,1953.64,$46.97,12,Soft
23/12/2014 12:00:00,2451.74,$48.43,12,Soft
24/12/2014 0:00:00,1992.57,$42.35,12,Soft
24/12/2014 12:00:00,2288.73,$40.68,12,Soft
25/12/2014 0:00:00,1741.06,$37.17,12,Soft
25/12/2014 12:00:00,1948.49,$38.96,12,Soft
26/12/2014 0:00:00,1686.00,$40.27,12,Soft
26/12/2014 12:00:00,2049.07,$42.87,12,Soft
27/12/2014 0:00:00,1898.97,$49.40,12,Soft
27/12/2014 12:00:00,2160.01,$41.46,12,Soft
28/12/2014 0:00:00,1749.87,$33.37,12,Soft
28/12/2014 12:00:00,2125.45,$43.60,12,Soft
29/12/2014 0:00:00,1779.81,$45.10,12,Soft
29/12/2014 12:00:00,2286.22,$48.51,12,Soft
30/12/2014 0:00:00,1982.48,$40.75,12,Soft
30/12/2014 12:00:00,2385.12,$52.27,12,Soft
31/12/2014 0:00:00,1959.65,$44.89,12,Soft
31/12/2014 12:00:00,2134.08,$42.50,12,Soft
1/01/2014 0:00:00,2814.71,$108.19,1,Hard
1/01/2014 12:00:00,2820.16,$111.25,1,Hard
2/01/2014 0:00:00,2147.35,$110.51,1,Hard
2/01/2014 12:00:00,2545.31,$109.42,1,Hard
3/01/2014 0:00:00,2222.41,$109.90,1,Hard
3/01/2014 12:00:00,2257.32,$111.87,1,Hard
4/01/2014 0:00:00,2032.20,$108.64,1,Hard
4/01/2014 12:00:00,2117.82,$112.48,1,Hard
5/01/2014 0:00:00,1881.95,$111.09,1,Hard
5/01/2014 12:00:00,2576.34,$111.43,1,Hard
6/01/2014 0:00:00,2044.66,$110.71,1,Hard
6/01/2014 12:00:00,2868.96,$108.41,1,Hard
7/01/2014 0:00:00,2472.63,$110.38,1,Hard
7/01/2014 12:00:00,3299.94,$110.21,1,Hard
8/01/2014 0:00:00,2786.55,$111.74,1,Hard
8/01/2014 12:00:00,3225.75,$111.21,1,Hard
9/01/2014 0:00:00,2425.14,$108.97,1,Hard
9/01/2014 12:00:00,2401.81,$109.26,1,Hard
10/01/2014 0:00:00,2113.51,$110.20,1,Hard
10/01/2014 12:00:00,2433.35,$111.27,1,Hard
11/01/2014 0:00:00,2189.04,$109.49,1,Hard
11/01/2014 12:00:00,2483.57,$110.51,1,Hard
12/01/2014 0:00:00,1896.02,$109.10,1,Hard
12/01/2014 12:00:00,2615.87,$110.83,1,Hard
13/01/2014 0:00:00,1992.70,$111.05,1,Hard
13/01/2014 12:00:00,2387.79,$109.83,1,Hard
14/01/2014 0:00:00,2358.34,$110.70,1,Hard
14/01/2014 12:00:00,3340.71,$109.09,1,Hard
15/01/2014 0:00:00,2842.31,$109.72,1,Hard
15/01/2014 12:00:00,3250.49,$111.23,1,Hard
16/01/2014 0:00:00,2453.20,$112.73,1,Hard
16/01/2014 12:00:00,2536.48,$111.53,1,Hard
17/01/2014 0:00:00,1958.74,$110.45,1,Hard
17/01/2014 12:00:00,2217.74,$109.19,1,Hard
18/01/2014 0:00:00,2035.52,$112.34,1,Hard
18/01/2014 12:00:00,2450.35,$109.48,1,Hard
19/01/2014 0:00:00,1864.60,$109.99,1,Hard
19/01/2014 12:00:00,2278.13,$110.45,1,Hard
20/01/2014 0:00:00,1924.96,$109.13,1,Hard
20/01/2014 12:00:00,2560.88,$111.75,1,Hard
21/01/2014 0:00:00,2127.81,$110.93,1,Hard
21/01/2014 12:00:00,2746.13,$110.35,1,Hard
22/01/2014 0:00:00,2140.09,$110.69,1,Hard
22/01/2014 12:00:00,2651.13,$111.84,1,Hard
23/01/2014 0:00:00,2198.89,$111.34,1,Hard
23/01/2014 12:00:00,2598.18,$111.14,1,Hard
24/01/2014 0:00:00,2166.82,$110.73,1,Hard
24/01/2014 12:00:00,2420.47,$110.10,1,Hard
25/01/2014 0:00:00,2104.84,$111.55,1,Hard
25/01/2014 12:00:00,2301.05,$110.77,1,Hard
26/01/2014 0:00:00,2010.90,$109.43,1,Hard
26/01/2014 12:00:00,2440.13,$110.10,1,Hard
27/01/2014 0:00:00,1872.79,$110.04,1,Hard
27/01/2014 12:00:00,2702.88,$111.24,1,Hard
28/01/2014 0:00:00,1862.09,$110.66,1,Hard
28/01/2014 12:00:00,2301.83,$110.69,1,Hard
29/01/2014 0:00:00,2141.21,$110.63,1,Hard
29/01/2014 12:00:00,2542.98,$111.22,1,Hard
30/01/2014 0:00:00,2141.68,$110.46,1,Hard
30/01/2014 12:00:00,2821.59,$109.58,1,Hard
31/01/2014 0:00:00,2121.27,$110.05,1,Hard
31/01/2014 12:00:00,2725.26,$110.78,1,Hard
1/02/2014 0:00:00,2168.78,$112.41,2,Hard
1/02/2014 12:00:00,2961.59,$110.20,2,Hard
2/02/2014 0:00:00,2059.64,$110.22,2,Hard
2/02/2014 12:00:00,2915.94,$110.13,2,Hard
3/02/2014 0:00:00,2074.95,$109.87,2,Hard
3/02/2014 12:00:00,2840.14,$110.47,2,Hard
4/02/2014 0:00:00,2336.19,$110.54,2,Hard
4/02/2014 12:00:00,2795.98,$110.20,2,Hard
5/02/2014 0:00:00,2203.74,$111.09,2,Hard
5/02/2014 12:00:00,2514.44,$111.93,2,Hard
6/02/2014 0:00:00,2254.84,$112.26,2,Hard
6/02/2014 12:00:00,2369.59,$109.49,2,Hard
7/02/2014 0:00:00,1974.18,$109.70,2,Hard
7/02/2014 12:00:00,2271.78,$111.65,2,Hard
8/02/2014 0:00:00,2014.22,$111.57,2,Hard
8/02/2014 12:00:00,2596.57,$109.76,2,Hard
9/02/2014 0:00:00,1867.48,$109.17,2,Hard
9/02/2014 12:00:00,2828.98,$111.13,2,Hard
10/02/2014 0:00:00,1994.44,$109.65,2,Hard
10/02/2014 12:00:00,2926.17,$109.68,2,Hard
11/02/2014 0:00:00,2554.62,$110.41,2,Hard
11/02/2014 12:00:00,3236.49,$112.82,2,Hard
12/02/2014 0:00:00,2762.52,$110.14,2,Hard
12/02/2014 12:00:00,3531.53,$109.69,2,Hard
13/02/2014 0:00:00,2745.18,$109.83,2,Hard
13/02/2014 12:00:00,3355.45,$112.00,2,Hard
14/02/2014 0:00:00,2603.80,$111.88,2,Hard
14/02/2014 12:00:00,2862.00,$112.26,2,Hard
15/02/2014 0:00:00,2363.62,$110.16,2,Hard
15/02/2014 12:00:00,2935.95,$111.24,2,Hard
16/02/2014 0:00:00,2179.32,$110.71,2,Hard
16/02/2014 12:00:00,2726.05,$109.84,2,Hard
17/02/2014 0:00:00,1942.26,$111.43,2,Hard
17/02/2014 12:00:00,2233.64,$111.13,2,Hard
18/02/2014 0:00:00,2017.23,$111.32,2,Hard
18/02/2014 12:00:00,2359.12,$111.67,2,Hard
19/02/2014 0:00:00,2334.55,$111.09,2,Hard
19/02/2014 12:00:00,2805.63,$110.29,2,Hard
20/02/2014 0:00:00,2303.47,$111.45,2,Hard
20/02/2014 12:00:00,3590.68,$111.65,2,Hard
21/02/2014 0:00:00,2704.16,$110.51,2,Hard
21/02/2014 12:00:00,3365.88,$111.26,2,Hard
22/02/2014 0:00:00,2625.10,$108.30,2,Hard
22/02/2014 12:00:00,2556.61,$110.40,2,Hard
23/02/2014 0:00:00,1823.07,$109.87,2,Hard
23/02/2014 12:00:00,2037.72,$110.74,2,Hard
24/02/2014 0:00:00,1722.89,$110.73,2,Hard
24/02/2014 12:00:00,2063.51,$108.72,2,Hard
25/02/2014 0:00:00,2069.90,$109.45,2,Hard
25/02/2014 12:00:00,2923.38,$111.64,2,Hard
26/02/2014 0:00:00,2277.06,$111.01,2,Hard
26/02/2014 12:00:00,3388.07,$110.44,2,Hard
27/02/2014 0:00:00,2553.07,$109.79,2,Hard
27/02/2014 12:00:00,3123.84,$110.53,2,Hard
28/02/2014 0:00:00,2302.39,$110.63,2,Hard
28/02/2014 12:00:00,2913.65,$109.00,2,Hard
1/03/2014 0:00:00,2279.92,$110.43,3,Hard
1/03/2014 12:00:00,2813.42,$110.66,3,Hard
2/03/2014 0:00:00,1969.00,$110.22,3,Hard
2/03/2014 12:00:00,2389.08,$109.52,3,Hard
3/03/2014 0:00:00,1789.87,$111.56,3,Hard
3/03/2014 12:00:00,2359.72,$108.58,3,Hard
4/03/2014 0:00:00,2029.44,$110.82,3,Hard
4/03/2014 12:00:00,2184.91,$110.41,3,Hard
5/03/2014 0:00:00,2196.39,$111.22,3,Hard
5/03/2014 12:00:00,2432.68,$109.50,3,Hard
6/03/2014 0:00:00,2011.40,$111.57,3,Hard
6/03/2014 12:00:00,2633.60,$109.43,3,Hard
7/03/2014 0:00:00,2200.42,$110.59,3,Hard
7/03/2014 12:00:00,2618.30,$111.00,3,Hard
8/03/2014 0:00:00,2180.20,$110.67,3,Hard
8/03/2014 12:00:00,2672.36,$110.75,3,Hard
9/03/2014 0:00:00,2004.51,$109.53,3,Hard
9/03/2014 12:00:00,2614.99,$111.83,3,Hard
10/03/2014 0:00:00,2097.69,$109.94,3,Hard
10/03/2014 12:00:00,2409.26,$110.03,3,Hard
11/03/2014 0:00:00,2208.22,$110.32,3,Hard
11/03/2014 12:00:00,2481.62,$112.01,3,Hard
12/03/2014 0:00:00,1865.75,$111.68,3,Hard
12/03/2014 12:00:00,2161.98,$110.71,3,Hard
13/03/2014 0:00:00,2059.16,$109.65,3,Hard
13/03/2014 12:00:00,2244.53,$110.38,3,Hard
14/03/2014 0:00:00,2290.24,$112.07,3,Hard
14/03/2014 12:00:00,2529.40,$110.43,3,Hard
15/03/2014 0:00:00,2028.51,$107.85,3,Hard
15/03/2014 12:00:00,2377.94,$109.60,3,Hard
16/03/2014 0:00:00,1952.48,$110.66,3,Hard
16/03/2014 12:00:00,2220.33,$110.19,3,Hard
17/03/2014 0:00:00,1874.50,$108.95,3,Hard
17/03/2014 12:00:00,2408.17,$111.35,3,Hard
18/03/2014 0:00:00,2348.22,$109.24,3,Hard
18/03/2014 12:00:00,2781.20,$110.78,3,Hard
19/03/2014 0:00:00,2134.75,$110.38,3,Hard
19/03/2014 12:00:00,2486.23,$110.85,3,Hard
20/03/2014 0:00:00,2081.85,$110.45,3,Hard
20/03/2014 12:00:00,2492.73,$110.62,3,Hard
21/03/2014 0:00:00,2041.29,$110.66,3,Hard
21/03/2014 12:00:00,2261.45,$109.99,3,Hard
22/03/2014 0:00:00,2236.38,$111.17,3,Hard
22/03/2014 12:00:00,2294.40,$111.35,3,Hard
23/03/2014 0:00:00,1918.98,$111.42,3,Hard
23/03/2014 12:00:00,2049.32,$112.17,3,Hard
24/03/2014 0:00:00,1942.20,$109.81,3,Hard
24/03/2014 12:00:00,2079.32,$108.75,3,Hard
25/03/2014 0:00:00,2228.21,$112.32,3,Hard
25/03/2014 12:00:00,2356.70,$110.48,3,Hard
26/03/2014 0:00:00,2131.21,$110.98,3,Hard
26/03/2014 12:00:00,2234.20,$109.72,3,Hard
27/03/2014 0:00:00,1989.23,$111.19,3,Hard
27/03/2014 12:00:00,2125.41,$111.44,3,Hard
28/03/2014 0:00:00,2170.77,$111.08,3,Hard
28/03/2014 12:00:00,2196.30,$111.92,3,Hard
29/03/2014 0:00:00,1865.23,$109.86,3,Hard
29/03/2014 12:00:00,1895.45,$111.73,3,Hard
30/03/2014 0:00:00,1872.26,$109.65,3,Hard
30/03/2014 12:00:00,2022.96,$109.64,3,Hard
31/03/2014 0:00:00,1790.19,$113.77,3,Hard
31/03/2014 12:00:00,2015.71,$109.08,3,Hard
1/04/2014 0:00:00,2113.80,$94.16,4,Hard
1/04/2014 12:00:00,2426.57,$95.01,4,Hard
2/04/2014 0:00:00,2448.21,$97.00,4,Hard
2/04/2014 12:00:00,2647.56,$91.10,4,Hard
3/04/2014 0:00:00,2236.15,$93.65,4,Hard
3/04/2014 12:00:00,2960.34,$93.15,4,Hard
4/04/2014 0:00:00,2407.53,$91.32,4,Hard
4/04/2014 12:00:00,3090.43,$92.24,4,Hard
5/04/2014 0:00:00,2288.52,$94.64,4,Hard
5/04/2014 12:00:00,2693.88,$93.19,4,Hard
6/04/2014 0:00:00,2206.79,$93.35,4,Hard
6/04/2014 12:00:00,2365.87,$90.46,4,Hard
7/04/2014 0:00:00,2131.56,$98.07,4,Hard
7/04/2014 12:00:00,2359.30,$92.29,4,Hard
8/04/2014 0:00:00,2337.95,$95.53,4,Hard
8/04/2014 12:00:00,2912.48,$94.65,4,Hard
9/04/2014 0:00:00,2295.36,$90.49,4,Hard
9/04/2014 12:00:00,2958.73,$93.84,4,Hard
10/04/2014 0:00:00,2372.28,$94.47,4,Hard
10/04/2014 12:00:00,2944.17,$93.63,4,Hard
11/04/2014 0:00:00,2434.25,$95.90,4,Hard
11/04/2014 12:00:00,2856.51,$91.84,4,Hard
12/04/2014 0:00:00,2476.65,$93.14,4,Hard
12/04/2014 12:00:00,2751.03,$94.09,4,Hard
13/04/2014 0:00:00,2073.36,$92.85,4,Hard
13/04/2014 12:00:00,2334.16,$95.74,4,Hard
14/04/2014 0:00:00,2055.78,$92.74,4,Hard
14/04/2014 12:00:00,2477.57,$90.09,4,Hard
15/04/2014 0:00:00,2201.84,$92.15,4,Hard
15/04/2014 12:00:00,2783.75,$95.69,4,Hard
16/04/2014 0:00:00,2191.43,$91.19,4,Hard
16/04/2014 12:00:00,2736.84,$93.92,4,Hard
17/04/2014 0:00:00,2292.46,$90.25,4,Hard
17/04/2014 12:00:00,2600.28,$93.10,4,Hard
18/04/2014 0:00:00,2238.16,$96.16,4,Hard
18/04/2014 12:00:00,2570.21,$92.97,4,Hard
19/04/2014 0:00:00,2178.15,$88.91,4,Hard
19/04/2014 12:00:00,2458.41,$93.14,4,Hard
20/04/2014 0:00:00,1947.37,$93.24,4,Hard
20/04/2014 12:00:00,2177.58,$91.87,4,Hard
21/04/2014 0:00:00,1923.61,$92.87,4,Hard
21/04/2014 12:00:00,2084.33,$88.71,4,Hard
22/04/2014 0:00:00,2178.30,$92.93,4,Hard
22/04/2014 12:00:00,2342.10,$94.22,4,Hard
23/04/2014 0:00:00,1986.81,$90.97,4,Hard
23/04/2014 12:00:00,2492.27,$93.77,4,Hard
24/04/2014 0:00:00,2011.54,$97.50,4,Hard
24/04/2014 12:00:00,2541.35,$95.99,4,Hard
25/04/2014 0:00:00,1869.39,$92.95,4,Hard
25/04/2014 12:00:00,2113.92,$93.92,4,Hard
26/04/2014 0:00:00,2041.39,$94.07,4,Hard
26/04/2014 12:00:00,2392.58,$91.64,4,Hard
27/04/2014 0:00:00,1847.62,$92.29,4,Hard
27/04/2014 12:00:00,2103.78,$90.27,4,Hard
28/04/2014 0:00:00,1684.32,$96.44,4,Hard
28/04/2014 12:00:00,2057.47,$93.67,4,Hard
29/04/2014 0:00:00,2173.15,$90.66,4,Hard
29/04/2014 12:00:00,2380.51,$93.68,4,Hard
30/04/2014 0:00:00,2278.78,$89.40,4,Hard
30/04/2014 12:00:00,2434.34,$93.33,4,Hard
1/05/2014 0:00:00,2006.54,$95.90,5,Hard
1/05/2014 12:00:00,2714.09,$91.96,5,Hard
2/05/2014 0:00:00,2391.99,$92.46,5,Hard
2/05/2014 12:00:00,2329.30,$95.38,5,Hard
3/05/2014 0:00:00,2077.12,$90.85,5,Hard
3/05/2014 12:00:00,2290.59,$93.66,5,Hard
4/05/2014 0:00:00,1952.60,$90.49,5,Hard
4/05/2014 12:00:00,2205.24,$97.21,5,Hard
5/05/2014 0:00:00,1820.64,$95.42,5,Hard
5/05/2014 12:00:00,1949.24,$96.34,5,Hard
6/05/2014 0:00:00,2011.56,$91.50,5,Hard
6/05/2014 12:00:00,2407.88,$93.45,5,Hard
7/05/2014 0:00:00,2108.09,$98.27,5,Hard
7/05/2014 12:00:00,2425.39,$94.36,5,Hard
8/05/2014 0:00:00,2276.47,$93.01,5,Hard
8/05/2014 12:00:00,2385.31,$94.27,5,Hard
9/05/2014 0:00:00,2207.36,$94.06,5,Hard
9/05/2014 12:00:00,2288.47,$94.71,5,Hard
10/05/2014 0:00:00,2266.72,$92.30,5,Hard
10/05/2014 12:00:00,2149.35,$91.31,5,Hard
11/05/2014 0:00:00,1762.31,$90.90,5,Hard
11/05/2014 12:00:00,2091.58,$92.35,5,Hard
12/05/2014 0:00:00,1767.72,$95.63,5,Hard
12/05/2014 12:00:00,2194.28,$93.40,5,Hard
13/05/2014 0:00:00,2256.88,$96.20,5,Hard
13/05/2014 12:00:00,2440.14,$94.44,5,Hard
14/05/2014 0:00:00,2054.23,$92.02,5,Hard
14/05/2014 12:00:00,2363.77,$95.21,5,Hard
15/05/2014 0:00:00,2197.87,$95.26,5,Hard
15/05/2014 12:00:00,2418.23,$92.74,5,Hard
16/05/2014 0:00:00,2219.38,$96.78,5,Hard
16/05/2014 12:00:00,2426.06,$94.05,5,Hard
17/05/2014 0:00:00,2061.17,$91.73,5,Hard
17/05/2014 12:00:00,2398.42,$92.79,5,Hard
18/05/2014 0:00:00,1932.52,$91.99,5,Hard
18/05/2014 12:00:00,2209.35,$90.05,5,Hard
19/05/2014 0:00:00,1804.00,$93.49,5,Hard
19/05/2014 12:00:00,2239.50,$91.00,5,Hard
20/05/2014 0:00:00,2215.29,$93.27,5,Hard
20/05/2014 12:00:00,2526.60,$92.00,5,Hard
21/05/2014 0:00:00,2102.52,$90.31,5,Hard
21/05/2014 12:00:00,2350.89,$91.42,5,Hard
22/05/2014 0:00:00,2121.11,$92.99,5,Hard
22/05/2014 12:00:00,2473.75,$96.71,5,Hard
23/05/2014 0:00:00,2153.70,$94.15,5,Hard
23/05/2014 12:00:00,2502.30,$94.87,5,Hard
24/05/2014 0:00:00,2305.67,$95.13,5,Hard
24/05/2014 12:00:00,2412.19,$93.02,5,Hard
25/05/2014 0:00:00,2151.89,$96.29,5,Hard
25/05/2014 12:00:00,2256.65,$94.92,5,Hard
26/05/2014 0:00:00,1836.87,$92.64,5,Hard
26/05/2014 12:00:00,2239.73,$93.30,5,Hard
27/05/2014 0:00:00,2140.24,$90.05,5,Hard
27/05/2014 12:00:00,2506.32,$93.35,5,Hard
28/05/2014 0:00:00,2137.79,$91.87,5,Hard
28/05/2014 12:00:00,2460.35,$89.77,5,Hard
29/05/2014 0:00:00,2122.52,$93.46,5,Hard
29/05/2014 12:00:00,2413.45,$91.81,5,Hard
30/05/2014 0:00:00,2454.08,$94.95,5,Hard
30/05/2014 12:00:00,2702.18,$95.89,5,Hard
31/05/2014 0:00:00,2678.76,$90.93,5,Hard
31/05/2014 12:00:00,2736.04,$91.33,5,Hard
1/06/2014 0:00:00,2425.23,$89.53,6,Hard
1/06/2014 12:00:00,2471.23,$95.99,6,Hard
2/06/2014 0:00:00,2015.51,$95.76,6,Hard
2/06/2014 12:00:00,2465.78,$88.09,6,Hard
3/06/2014 0:00:00,1971.20,$91.12,6,Hard
3/06/2014 12:00:00,2330.58,$88.77,6,Hard
4/06/2014 0:00:00,2225.84,$91.89,6,Hard
4/06/2014 12:00:00,2563.40,$91.95,6,Hard
5/06/2014 0:00:00,2178.50,$94.51,6,Hard
5/06/2014 12:00:00,2503.83,$91.51,6,Hard
6/06/2014 0:00:00,2083.69,$92.75,6,Hard
6/06/2014 12:00:00,2555.27,$89.09,6,Hard
7/06/2014 0:00:00,2183.70,$98.24,6,Hard
7/06/2014 12:00:00,2578.87,$93.01,6,Hard
8/06/2014 0:00:00,2021.06,$92.36,6,Hard
8/06/2014 12:00:00,2307.63,$93.08,6,Hard
9/06/2014 0:00:00,1877.58,$92.91,6,Hard
9/06/2014 12:00:00,2290.70,$92.07,6,Hard
10/06/2014 0:00:00,2201.99,$90.57,6,Hard
10/06/2014 12:00:00,2536.58,$91.57,6,Hard
11/06/2014 0:00:00,2227.04,$90.65,6,Hard
11/06/2014 12:00:00,2665.63,$93.18,6,Hard
12/06/2014 0:00:00,2358.79,$92.73,6,Hard
12/06/2014 12:00:00,2582.40,$91.35,6,Hard
13/06/2014 0:00:00,2205.49,$97.37,6,Hard
13/06/2014 12:00:00,2531.05,$90.38,6,Hard
14/06/2014 0:00:00,2264.18,$87.48,6,Hard
14/06/2014 12:00:00,2578.98,$94.59,6,Hard
15/06/2014 0:00:00,2073.34,$92.35,6,Hard
15/06/2014 12:00:00,2549.91,$93.92,6,Hard
16/06/2014 0:00:00,2066.11,$92.70,6,Hard
16/06/2014 12:00:00,2391.69,$89.93,6,Hard
17/06/2014 0:00:00,2231.40,$92.65,6,Hard
17/06/2014 12:00:00,2742.09,$93.81,6,Hard
18/06/2014 0:00:00,2318.33,$91.40,6,Hard
18/06/2014 12:00:00,2765.92,$92.50,6,Hard
19/06/2014 0:00:00,2283.42,$90.93,6,Hard
19/06/2014 12:00:00,2579.19,$95.91,6,Hard
20/06/2014 0:00:00,2345.47,$92.82,6,Hard
20/06/2014 12:00:00,2774.09,$93.81,6,Hard
21/06/2014 0:00:00,2511.95,$96.06,6,Hard
21/06/2014 12:00:00,2589.78,$91.58,6,Hard
22/06/2014 0:00:00,2260.82,$90.30,6,Hard
22/06/2014 12:00:00,2314.31,$93.01,6,Hard
23/06/2014 0:00:00,2167.08,$95.10,6,Hard
23/06/2014 12:00:00,2499.29,$93.83,6,Hard
24/06/2014 0:00:00,2245.51,$92.27,6,Hard
24/06/2014 12:00:00,2493.60,$95.85,6,Hard
25/06/2014 0:00:00,2274.48,$92.89,6,Hard
25/06/2014 12:00:00,2519.41,$97.46,6,Hard
26/06/2014 0:00:00,2344.21,$90.90,6,Hard
26/06/2014 12:00:00,2672.66,$92.42,6,Hard
27/06/2014 0:00:00,2233.12,$96.05,6,Hard
27/06/2014 12:00:00,2668.06,$92.86,6,Hard
28/06/2014 0:00:00,2219.44,$96.78,6,Hard
28/06/2014 12:00:00,2484.59,$93.78,6,Hard
29/06/2014 0:00:00,1975.01,$91.85,6,Hard
29/06/2014 12:00:00,2351.17,$94.48,6,Hard
30/06/2014 0:00:00,2140.67,$95.43,6,Hard
30/06/2014 12:00:00,2271.06,$92.96,6,Hard
1/07/2014 0:00:00,2574.48,$94.66,7,Hard
1/07/2014 12:00:00,2609.56,$91.63,7,Hard
2/07/2014 0:00:00,2346.59,$93.87,7,Hard
2/07/2014 12:00:00,2516.72,$94.75,7,Hard
3/07/2014 0:00:00,2310.18,$94.25,7,Hard
3/07/2014 12:00:00,2751.07,$90.47,7,Hard
4/07/2014 0:00:00,2400.16,$94.05,7,Hard
4/07/2014 12:00:00,2722.11,$94.58,7,Hard
5/07/2014 0:00:00,2495.87,$90.36,7,Hard
5/07/2014 12:00:00,2687.30,$94.01,7,Hard
6/07/2014 0:00:00,2199.46,$91.42,7,Hard
6/07/2014 12:00:00,2519.92,$94.45,7,Hard
7/07/2014 0:00:00,2144.89,$94.17,7,Hard
7/07/2014 12:00:00,2539.67,$93.12,7,Hard
8/07/2014 0:00:00,2440.82,$96.35,7,Hard
8/07/2014 12:00:00,2736.07,$92.23,7,Hard
9/07/2014 0:00:00,2403.47,$95.02,7,Hard
9/07/2014 12:00:00,2780.60,$93.65,7,Hard
10/07/2014 0:00:00,2162.82,$93.28,7,Hard
10/07/2014 12:00:00,2573.81,$92.96,7,Hard
11/07/2014 0:00:00,2343.75,$90.92,7,Hard
11/07/2014 12:00:00,2857.12,$92.70,7,Hard
12/07/2014 0:00:00,2318.56,$93.40,7,Hard
12/07/2014 12:00:00,2505.20,$90.63,7,Hard
13/07/2014 0:00:00,2020.47,$92.27,7,Hard
13/07/2014 12:00:00,2413.81,$91.12,7,Hard
14/07/2014 0:00:00,1996.58,$92.42,7,Hard
14/07/2014 12:00:00,2352.08,$94.92,7,Hard
15/07/2014 0:00:00,2143.90,$86.44,7,Hard
15/07/2014 12:00:00,2606.91,$93.59,7,Hard
16/07/2014 0:00:00,2324.38,$91.09,7,Hard
16/07/2014 12:00:00,2648.51,$89.03,7,Hard
17/07/2014 0:00:00,2291.07,$92.52,7,Hard
17/07/2014 12:00:00,2642.43,$90.22,7,Hard
18/07/2014 0:00:00,2486.63,$93.88,7,Hard
18/07/2014 12:00:00,2778.61,$93.75,7,Hard
19/07/2014 0:00:00,2422.44,$95.75,7,Hard
19/07/2014 12:00:00,2721.80,$90.97,7,Hard
20/07/2014 0:00:00,2212.98,$94.17,7,Hard
20/07/2014 12:00:00,2501.94,$96.38,7,Hard
21/07/2014 0:00:00,2111.55,$94.82,7,Hard
21/07/2014 12:00:00,2530.75,$95.55,7,Hard
22/07/2014 0:00:00,2497.32,$90.97,7,Hard
22/07/2014 12:00:00,2732.75,$92.14,7,Hard
23/07/2014 0:00:00,2439.81,$91.50,7,Hard
23/07/2014 12:00:00,2564.54,$94.92,7,Hard
24/07/2014 0:00:00,2039.49,$95.21,7,Hard
24/07/2014 12:00:00,2476.19,$94.09,7,Hard
25/07/2014 0:00:00,2162.33,$92.91,7,Hard
25/07/2014 12:00:00,2505.57,$92.47,7,Hard
26/07/2014 0:00:00,2241.48,$89.76,7,Hard
26/07/2014 12:00:00,2905.06,$93.08,7,Hard
27/07/2014 0:00:00,2179.38,$90.89,7,Hard
27/07/2014 12:00:00,2483.38,$93.18,7,Hard
28/07/2014 0:00:00,1970.05,$92.56,7,Hard
28/07/2014 12:00:00,2421.49,$94.26,7,Hard
29/07/2014 0:00:00,2258.18,$88.24,7,Hard
29/07/2014 12:00:00,2689.06,$92.03,7,Hard
30/07/2014 0:00:00,2404.68,$92.87,7,Hard
30/07/2014 12:00:00,2544.43,$91.54,7,Hard
31/07/2014 0:00:00,2210.39,$94.85,7,Hard
31/07/2014 12:00:00,2609.81,$90.89,7,Hard
1/08/2014 0:00:00,2268.12,$92.58,8,Hard
1/08/2014 12:00:00,2530.31,$95.42,8,Hard
2/08/2014 0:00:00,2248.51,$94.64,8,Hard
2/08/2014 12:00:00,2469.00,$94.07,8,Hard
3/08/2014 0:00:00,2007.11,$91.79,8,Hard
3/08/2014 12:00:00,2283.21,$88.11,8,Hard
4/08/2014 0:00:00,1926.35,$92.05,8,Hard
4/08/2014 12:00:00,2254.40,$94.43,8,Hard
5/08/2014 0:00:00,2097.32,$94.79,8,Hard
5/08/2014 12:00:00,2447.02,$92.87,8,Hard
6/08/2014 0:00:00,2058.41,$91.61,8,Hard
6/08/2014 12:00:00,2263.94,$94.45,8,Hard
7/08/2014 0:00:00,2234.99,$89.09,8,Hard
7/08/2014 12:00:00,2535.46,$95.37,8,Hard
8/08/2014 0:00:00,2119.84,$92.76,8,Hard
8/08/2014 12:00:00,2611.15,$96.86,8,Hard
9/08/2014 0:00:00,2252.26,$92.89,8,Hard
9/08/2014 12:00:00,2435.58,$91.62,8,Hard
10/08/2014 0:00:00,2012.25,$95.99,8,Hard
10/08/2014 12:00:00,2306.10,$94.59,8,Hard
11/08/2014 0:00:00,1922.23,$94.03,8,Hard
11/08/2014 12:00:00,2271.52,$93.42,8,Hard
12/08/2014 0:00:00,2173.25,$91.32,8,Hard
12/08/2014 12:00:00,2599.35,$93.23,8,Hard
13/08/2014 0:00:00,2275.38,$95.26,8,Hard
13/08/2014 12:00:00,2572.12,$95.58,8,Hard
14/08/2014 0:00:00,2332.25,$92.42,8,Hard
14/08/2014 12:00:00,2522.06,$95.49,8,Hard
15/08/2014 0:00:00,2178.60,$94.88,8,Hard
15/08/2014 12:00:00,2640.28,$91.33,8,Hard
16/08/2014 0:00:00,2262.53,$92.04,8,Hard
16/08/2014 12:00:00,2547.73,$93.30,8,Hard
17/08/2014 0:00:00,2002.29,$92.25,8,Hard
17/08/2014 12:00:00,2471.15,$93.83,8,Hard
18/08/2014 0:00:00,1884.52,$96.95,8,Hard
18/08/2014 12:00:00,2284.69,$89.11,8,Hard
19/08/2014 0:00:00,2074.94,$93.70,8,Hard
19/08/2014 12:00:00,2416.98,$91.82,8,Hard
20/08/2014 0:00:00,2351.89,$91.18,8,Hard
20/08/2014 12:00:00,2486.45,$93.97,8,Hard
21/08/2014 0:00:00,2205.81,$96.02,8,Hard
21/08/2014 12:00:00,2463.89,$93.30,8,Hard
22/08/2014 0:00:00,2389.54,$93.49,8,Hard
22/08/2014 12:00:00,2462.31,$92.53,8,Hard
23/08/2014 0:00:00,2597.97,$90.47,8,Hard
23/08/2014 12:00:00,2343.01,$94.83,8,Hard
24/08/2014 0:00:00,1935.67,$95.15,8,Hard
24/08/2014 12:00:00,2169.64,$93.27,8,Hard
25/08/2014 0:00:00,1945.73,$94.01,8,Hard
25/08/2014 12:00:00,2415.72,$95.63,8,Hard
26/08/2014 0:00:00,2155.85,$92.20,8,Hard
26/08/2014 12:00:00,2488.42,$91.52,8,Hard
27/08/2014 0:00:00,2225.51,$94.72,8,Hard
27/08/2014 12:00:00,2729.62,$93.71,8,Hard
28/08/2014 0:00:00,2310.98,$88.93,8,Hard
28/08/2014 12:00:00,2549.69,$92.03,8,Hard
29/08/2014 0:00:00,2250.24,$93.16,8,Hard
29/08/2014 12:00:00,2474.06,$94.28,8,Hard
30/08/2014 0:00:00,2181.92,$89.21,8,Hard
30/08/2014 12:00:00,2459.62,$94.74,8,Hard
31/08/2014 0:00:00,2001.12,$89.88,8,Hard
31/08/2014 12:00:00,2264.76,$90.91,8,Hard
1/09/2014 0:00:00,1921.85,$94.01,9,Hard
1/09/2014 12:00:00,2338.87,$92.41,9,Hard
2/09/2014 0:00:00,2248.21,$92.83,9,Hard
2/09/2014 12:00:00,2430.76,$92.38,9,Hard
3/09/2014 0:00:00,2143.80,$89.37,9,Hard
3/09/2014 12:00:00,2488.11,$93.37,9,Hard
4/09/2014 0:00:00,2079.25,$91.32,9,Hard
4/09/2014 12:00:00,2292.28,$91.63,9,Hard
5/09/2014 0:00:00,2187.09,$93.65,9,Hard
5/09/2014 12:00:00,2578.15,$93.09,9,Hard
6/09/2014 0:00:00,2073.38,$93.78,9,Hard
6/09/2014 12:00:00,2368.67,$88.95,9,Hard
7/09/2014 0:00:00,2047.02,$92.99,9,Hard
7/09/2014 12:00:00,2192.49,$97.97,9,Hard
8/09/2014 0:00:00,1873.06,$92.36,9,Hard
8/09/2014 12:00:00,2222.55,$93.68,9,Hard
9/09/2014 0:00:00,2121.86,$92.12,9,Hard
9/09/2014 12:00:00,2453.32,$95.30,9,Hard
10/09/2014 0:00:00,2205.26,$90.04,9,Hard
10/09/2014 12:00:00,2507.61,$92.95,9,Hard
11/09/2014 0:00:00,2188.47,$94.23,9,Hard
11/09/2014 12:00:00,2584.44,$94.24,9,Hard
12/09/2014 0:00:00,2158.92,$91.03,9,Hard
12/09/2014 12:00:00,2390.74,$92.33,9,Hard
13/09/2014 0:00:00,2250.09,$97.08,9,Hard
13/09/2014 12:00:00,2573.55,$93.26,9,Hard
14/09/2014 0:00:00,1949.99,$92.44,9,Hard
14/09/2014 12:00:00,2521.49,$91.98,9,Hard
15/09/2014 0:00:00,2023.60,$92.09,9,Hard
15/09/2014 12:00:00,2372.41,$92.97,9,Hard
16/09/2014 0:00:00,2288.53,$96.54,9,Hard
16/09/2014 12:00:00,2750.92,$94.17,9,Hard
17/09/2014 0:00:00,2395.37,$94.46,9,Hard
17/09/2014 12:00:00,2506.80,$93.33,9,Hard
18/09/2014 0:00:00,2280.47,$96.02,9,Hard
18/09/2014 12:00:00,2566.94,$94.18,9,Hard
19/09/2014 0:00:00,2116.55,$93.31,9,Hard
19/09/2014 12:00:00,2461.17,$92.63,9,Hard
20/09/2014 0:00:00,2288.29,$93.02,9,Hard
20/09/2014 12:00:00,2493.16,$92.09,9,Hard
21/09/2014 0:00:00,1997.43,$92.26,9,Hard
21/09/2014 12:00:00,2123.22,$93.79,9,Hard
22/09/2014 0:00:00,1959.95,$92.38,9,Hard
22/09/2014 12:00:00,2364.45,$92.91,9,Hard
23/09/2014 0:00:00,2248.02,$93.21,9,Hard
23/09/2014 12:00:00,2449.89,$97.01,9,Hard
24/09/2014 0:00:00,2096.24,$89.18,9,Hard
24/09/2014 12:00:00,2440.36,$90.42,9,Hard
25/09/2014 0:00:00,2174.92,$95.59,9,Hard
25/09/2014 12:00:00,2413.51,$97.80,9,Hard
26/09/2014 0:00:00,2185.64,$93.21,9,Hard
26/09/2014 12:00:00,2488.20,$92.63,9,Hard
27/09/2014 0:00:00,2231.61,$93.13,9,Hard
27/09/2014 12:00:00,2409.38,$94.18,9,Hard
28/09/2014 0:00:00,1921.27,$92.82,9,Hard
28/09/2014 12:00:00,2087.18,$89.65,9,Hard
29/09/2014 0:00:00,1892.16,$89.70,9,Hard
29/09/2014 12:00:00,2173.01,$90.17,9,Hard
30/09/2014 0:00:00,1895.05,$92.23,9,Hard
30/09/2014 12:00:00,2193.57,$91.51,9,Hard
1/10/2014 0:00:00,2045.45,$95.19,10,Hard
1/10/2014 12:00:00,2551.98,$92.63,10,Hard
2/10/2014 0:00:00,2031.19,$91.85,10,Hard
2/10/2014 12:00:00,2302.84,$88.73,10,Hard
3/10/2014 0:00:00,2265.20,$97.85,10,Hard
3/10/2014 12:00:00,2274.60,$90.27,10,Hard
4/10/2014 0:00:00,2136.00,$93.32,10,Hard
4/10/2014 12:00:00,2375.11,$91.06,10,Hard
5/10/2014 0:00:00,2001.98,$96.38,10,Hard
5/10/2014 12:00:00,2222.65,$94.45,10,Hard
6/10/2014 0:00:00,1869.45,$89.99,10,Hard
6/10/2014 12:00:00,2031.89,$93.04,10,Hard
7/10/2014 0:00:00,2070.88,$92.80,10,Hard
7/10/2014 12:00:00,2413.42,$92.62,10,Hard
8/10/2014 0:00:00,2139.01,$89.63,10,Hard
8/10/2014 12:00:00,2448.62,$96.44,10,Hard
9/10/2014 0:00:00,2178.95,$95.78,10,Hard
9/10/2014 12:00:00,2403.73,$91.24,10,Hard
10/10/2014 0:00:00,2120.55,$94.82,10,Hard
10/10/2014 12:00:00,2471.67,$97.90,10,Hard
11/10/2014 0:00:00,2086.25,$88.78,10,Hard
11/10/2014 12:00:00,2442.89,$93.28,10,Hard
12/10/2014 0:00:00,1963.99,$89.88,10,Hard
12/10/2014 12:00:00,2139.94,$93.45,10,Hard
13/10/2014 0:00:00,1766.14,$89.71,10,Hard
13/10/2014 12:00:00,2132.24,$93.55,10,Hard
14/10/2014 0:00:00,2083.76,$97.10,10,Hard
14/10/2014 12:00:00,2341.17,$93.54,10,Hard
15/10/2014 0:00:00,2093.52,$96.02,10,Hard
15/10/2014 12:00:00,2386.49,$95.88,10,Hard
16/10/2014 0:00:00,2032.89,$97.28,10,Hard
16/10/2014 12:00:00,2301.33,$92.19,10,Hard
17/10/2014 0:00:00,2119.09,$92.57,10,Hard
17/10/2014 12:00:00,2325.91,$92.29,10,Hard
18/10/2014 0:00:00,2009.10,$89.86,10,Hard
18/10/2014 12:00:00,2283.40,$95.40,10,Hard
19/10/2014 0:00:00,1919.37,$90.52,10,Hard
19/10/2014 12:00:00,2286.61,$91.73,10,Hard
20/10/2014 0:00:00,1848.72,$93.34,10,Hard
20/10/2014 12:00:00,2055.53,$94.04,10,Hard
21/10/2014 0:00:00,2065.42,$91.50,10,Hard
21/10/2014 12:00:00,2347.57,$91.93,10,Hard
22/10/2014 0:00:00,1953.47,$95.82,10,Hard
22/10/2014 12:00:00,2347.20,$96.07,10,Hard
23/10/2014 0:00:00,2089.97,$89.61,10,Hard
23/10/2014 12:00:00,2308.83,$94.20,10,Hard
24/10/2014 0:00:00,2021.69,$94.43,10,Hard
24/10/2014 12:00:00,2344.46,$92.06,10,Hard
25/10/2014 0:00:00,1995.24,$93.23,10,Hard
25/10/2014 12:00:00,2290.16,$89.44,10,Hard
26/10/2014 0:00:00,1905.26,$89.13,10,Hard
26/10/2014 12:00:00,2075.95,$92.08,10,Hard
27/10/2014 0:00:00,1785.05,$89.80,10,Hard
27/10/2014 12:00:00,2224.87,$91.34,10,Hard
28/10/2014 0:00:00,2128.70,$91.15,10,Hard
28/10/2014 12:00:00,2480.63,$91.08,10,Hard
29/10/2014 0:00:00,2124.55,$93.51,10,Hard
29/10/2014 12:00:00,2571.44,$92.41,10,Hard
30/10/2014 0:00:00,2217.53,$91.29,10,Hard
30/10/2014 12:00:00,2683.70,$90.89,10,Hard
31/10/2014 0:00:00,2215.45,$92.78,10,Hard
31/10/2014 12:00:00,2554.69,$94.93,10,Hard
1/11/2014 0:00:00,2151.40,$92.43,11,Hard
1/11/2014 12:00:00,2318.93,$93.05,11,Hard
2/11/2014 0:00:00,1916.75,$93.42,11,Hard
2/11/2014 12:00:00,2233.59,$97.35,11,Hard
3/11/2014 0:00:00,1842.99,$96.47,11,Hard
3/11/2014 12:00:00,2396.83,$92.75,11,Hard
4/11/2014 0:00:00,2408.69,$92.27,11,Hard
4/11/2014 12:00:00,2942.79,$88.79,11,Hard
5/11/2014 0:00:00,2237.46,$87.63,11,Hard
5/11/2014 12:00:00,2495.24,$90.68,11,Hard
6/11/2014 0:00:00,2130.48,$90.21,11,Hard
6/11/2014 12:00:00,2358.77,$93.02,11,Hard
7/11/2014 0:00:00,2085.41,$94.71,11,Hard
7/11/2014 12:00:00,2406.06,$94.66,11,Hard
8/11/2014 0:00:00,2127.62,$92.75,11,Hard
8/11/2014 12:00:00,2560.47,$91.39,11,Hard
9/11/2014 0:00:00,1850.08,$93.83,11,Hard
9/11/2014 12:00:00,2426.71,$92.71,11,Hard
10/11/2014 0:00:00,1944.94,$91.60,11,Hard
10/11/2014 12:00:00,2505.62,$89.94,11,Hard
11/11/2014 0:00:00,2269.73,$96.83,11,Hard
11/11/2014 12:00:00,2653.84,$95.65,11,Hard
12/11/2014 0:00:00,2142.67,$91.24,11,Hard
12/11/2014 12:00:00,2586.23,$91.31,11,Hard
13/11/2014 0:00:00,2057.55,$90.60,11,Hard
13/11/2014 12:00:00,2420.39,$95.46,11,Hard
14/11/2014 0:00:00,2060.36,$95.66,11,Hard
14/11/2014 12:00:00,2679.91,$97.95,11,Hard
15/11/2014 0:00:00,2216.17,$93.00,11,Hard
15/11/2014 12:00:00,2859.30,$95.62,11,Hard
16/11/2014 0:00:00,2109.59,$94.37,11,Hard
16/11/2014 12:00:00,2827.94,$88.02,11,Hard
17/11/2014 0:00:00,2155.96,$90.93,11,Hard
17/11/2014 12:00:00,2406.63,$94.17,11,Hard
18/11/2014 0:00:00,2279.28,$96.81,11,Hard
18/11/2014 12:00:00,2478.70,$92.75,11,Hard
19/11/2014 0:00:00,2198.48,$89.89,11,Hard
19/11/2014 12:00:00,2294.22,$91.89,11,Hard
20/11/2014 0:00:00,2159.42,$90.06,11,Hard
20/11/2014 12:00:00,2379.47,$92.53,11,Hard
21/11/2014 0:00:00,2352.65,$93.72,11,Hard
21/11/2014 12:00:00,2646.20,$94.44,11,Hard
22/11/2014 0:00:00,2272.51,$95.42,11,Hard
22/11/2014 12:00:00,2652.72,$94.84,11,Hard
23/11/2014 0:00:00,2005.09,$90.72,11,Hard
23/11/2014 12:00:00,2234.64,$97.64,11,Hard
24/11/2014 0:00:00,1864.39,$90.55,11,Hard
24/11/2014 12:00:00,2024.61,$91.25,11,Hard
25/11/2014 0:00:00,2005.27,$92.10,11,Hard
25/11/2014 12:00:00,2374.93,$92.10,11,Hard
26/11/2014 0:00:00,2211.18,$97.95,11,Hard
26/11/2014 12:00:00,2294.16,$92.21,11,Hard
27/11/2014 0:00:00,2257.76,$96.44,11,Hard
27/11/2014 12:00:00,2585.16,$94.28,11,Hard
28/11/2014 0:00:00,2375.32,$90.68,11,Hard
28/11/2014 12:00:00,2790.36,$92.79,11,Hard
29/11/2014 0:00:00,2180.84,$87.26,11,Hard
29/11/2014 12:00:00,2363.51,$91.47,11,Hard
30/11/2014 0:00:00,1955.84,$96.06,11,Hard
30/11/2014 12:00:00,2182.43,$95.49,11,Hard
1/12/2014 0:00:00,1895.86,$94.43,12,Hard
1/12/2014 12:00:00,2189.58,$92.84,12,Hard
2/12/2014 0:00:00,2183.91,$97.06,12,Hard
2/12/2014 12:00:00,2385.11,$92.80,12,Hard
3/12/2014 0:00:00,2154.50,$92.51,12,Hard
3/12/2014 12:00:00,2305.91,$92.48,12,Hard
4/12/2014 0:00:00,2196.02,$91.76,12,Hard
4/12/2014 12:00:00,2522.46,$93.08,12,Hard
5/12/2014 0:00:00,2208.32,$92.68,12,Hard
5/12/2014 12:00:00,2698.30,$91.63,12,Hard
6/12/2014 0:00:00,2409.16,$95.11,12,Hard
6/12/2014 12:00:00,2971.84,$93.99,12,Hard
7/12/2014 0:00:00,2197.72,$94.46,12,Hard
7/12/2014 12:00:00,2426.73,$92.80,12,Hard
8/12/2014 0:00:00,1917.03,$93.02,12,Hard
8/12/2014 12:00:00,2237.14,$92.91,12,Hard
9/12/2014 0:00:00,2091.61,$92.02,12,Hard
9/12/2014 12:00:00,2455.19,$94.91,12,Hard
10/12/2014 0:00:00,2079.38,$93.86,12,Hard
10/12/2014 12:00:00,2727.84,$91.69,12,Hard
11/12/2014 0:00:00,2275.32,$93.89,12,Hard
11/12/2014 12:00:00,2934.10,$93.33,12,Hard
12/12/2014 0:00:00,2528.14,$94.94,12,Hard
12/12/2014 12:00:00,3237.80,$94.25,12,Hard
13/12/2014 0:00:00,2579.88,$89.98,12,Hard
13/12/2014 12:00:00,3354.07,$93.03,12,Hard
14/12/2014 0:00:00,2559.63,$92.27,12,Hard
14/12/2014 12:00:00,3264.24,$93.98,12,Hard
15/12/2014 0:00:00,2490.99,$91.39,12,Hard
15/12/2014 12:00:00,3251.38,$89.70,12,Hard
16/12/2014 0:00:00,2665.42,$94.95,12,Hard
16/12/2014 12:00:00,3741.03,$93.54,12,Hard
17/12/2014 0:00:00,2649.44,$93.59,12,Hard
17/12/2014 12:00:00,2959.33,$91.45,12,Hard
18/12/2014 0:00:00,2373.52,$92.62,12,Hard
18/12/2014 12:00:00,2643.75,$95.30,12,Hard
19/12/2014 0:00:00,2349.56,$92.41,12,Hard
19/12/2014 12:00:00,2650.22,$90.37,12,Hard
20/12/2014 0:00:00,2229.11,$92.25,12,Hard
20/12/2014 12:00:00,2575.24,$91.97,12,Hard
21/12/2014 0:00:00,2011.68,$93.76,12,Hard
21/12/2014 12:00:00,2307.41,$95.65,12,Hard
22/12/2014 0:00:00,1953.21,$92.88,12,Hard
22/12/2014 12:00:00,2361.07,$92.86,12,Hard
23/12/2014 0:00:00,2209.59,$93.12,12,Hard
23/12/2014 12:00:00,2695.23,$92.21,12,Hard
24/12/2014 0:00:00,2273.24,$93.22,12,Hard
24/12/2014 12:00:00,2567.26,$93.79,12,Hard
25/12/2014 0:00:00,2067.92,$94.33,12,Hard
25/12/2014 12:00:00,2223.44,$95.22,12,Hard
26/12/2014 0:00:00,1903.09,$92.94,12,Hard
26/12/2014 12:00:00,2306.42,$90.13,12,Hard
27/12/2014 0:00:00,2159.71,$90.21,12,Hard
27/12/2014 12:00:00,2454.26,$91.86,12,Hard
28/12/2014 0:00:00,2020.57,$96.48,12,Hard
28/12/2014 12:00:00,2363.04,$96.32,12,Hard
29/12/2014 0:00:00,1970.46,$95.26,12,Hard
29/12/2014 12:00:00,2549.56,$95.25,12,Hard
30/12/2014 0:00:00,2301.84,$94.12,12,Hard
30/12/2014 12:00:00,2660.87,$92.79,12,Hard
31/12/2014 0:00:00,2197.63,$90.69,12,Hard
31/12/2014 12:00:00,2379.97,$96.15,12,Hard
